path,_id,reaction,tpl_SMARTS_r1,tpl_SMARTS_r0,tpl_SMARTS_r0*,cat,solv0,solv1,reag0,reag1,reag2
1_0,53896491,CCO[C:8](=[O:9])[CH2:7][C:6](=O)[CH:3]([CH2:2][CH3:1])[CH2:4][CH3:5].[NH2:15][c:14]1[cH:13][cH:12][n:11][nH:10]1>>[CH3:1][CH2:2][CH:3]([CH2:4][CH3:5])[c:6]1[cH:7][c:8](=[O:9])[n:10]2[n:11][cH:12][cH:13][c:14]2[nH:15]1,[#7;a:6]:[n;H0;D3;+0:7]1:[c:8]:[nH;D2;+0:9]:[c;H0;D3;+0:4](-[C:5]):[cH;D2;+0:3]:[c;H0;D3;+0:1]:1=[O;D1;H0:2]>>C-C-O-[C;H0;D3;+0:1](=[O;D1;H0:2])-[CH2;D2;+0:3]-[C;H0;D3;+0:4](=O)-[C:5].[#7;a:6]:[nH;D2;+0:7]:[c:8]-[NH2;D1;+0:9],[n;H0;D3;+0:5]:[c;H0;D3;+0:1]:[cH;D2;+0:2]:[c;H0;D3;+0:3]:[nH;D2;+0:4]>>C-C-O-[C;H0;D3;+0:1]-[CH2;D2;+0:2]-[C;H0;D3;+0:3]=O.[NH2;D1;+0:4].[nH;D2;+0:5],ncccn>>CCOCCC=O.N.n,,,,CC(=O)O,,
1_1,53896492,[CH3:1][CH2:2][CH:3]([CH2:4][CH3:5])[c:6]1[cH:7][c:8](=O)[n:10]2[n:11][cH:12][cH:13][c:14]2[nH:15]1.O=P(Cl)(Cl)[Cl:9]>>[CH3:1][CH2:2][CH:3]([CH2:4][CH3:5])[c:6]1[cH:7][c:8]([Cl:9])[n:10]2[n:11][cH:12][cH:13][c:14]2[n:15]1,[#7;a:8]:[#7;a:7]1:[c:6]:[n;H0;D2;+0:5]:[c:4]:[c:3]:[c;H0;D3;+0:2]:1-[Cl;H0;D1;+0:1]>>Cl-P(-Cl)(=O)-[Cl;H0;D1;+0:1].O=[c;H0;D3;+0:2]1:[c:3]:[c:4]:[nH;D2;+0:5]:[c:6]:[#7;a:7]:1:[#7;a:8],[Cl;H0;D1;+0:1]-[c;H0;D3;+0:2].[n;H0;D2;+0:3]>>Cl-P(-Cl)(=O)-[Cl;H0;D1;+0:1].O=[c;H0;D3;+0:2].[nH;D2;+0:3],cCl.n>>O=P(Cl)(Cl)Cl.c=O.n,,CC#N,,CCN(CC)c1ccccc1,,
1_2,53896499,[CH3:19][C:18]([CH3:20])([CH3:21])[O:17][C:15](=[O:16])[NH:14][CH:13]1[CH2:12][CH2:11][CH:10]([NH2:9])[CH2:22]1.[CH3:1][CH2:2][CH:3]([CH2:4][CH3:5])[c:6]1[cH:7][c:8](Cl)[n:23]2[n:24][cH:25][cH:26][c:27]2[n:28]1>>[CH3:1][CH2:2][CH:3]([CH2:4][CH3:5])[c:6]1[cH:7][c:8]([NH:9][CH:10]2[CH2:11][CH2:12][CH:13]([NH:14][C:15](=[O:16])[O:17][C:18]([CH3:19])([CH3:20])[CH3:21])[CH2:22]2)[n:23]2[n:24][cH:25][cH:26][c:27]2[n:28]1,[#7;a:3]:[#7;a:2]:[c;H0;D3;+0:1](-[NH;D2;+0:8]-[CH:7]):[c:4]:[c:5]:[#7;a:6]>>Cl-[c;H0;D3;+0:1](:[#7;a:2]:[#7;a:3]):[c:4]:[c:5]:[#7;a:6].[CH:7]-[NH2;D1;+0:8],[NH;D2;+0:2]-[c;H0;D3;+0:1]>>Cl-[c;H0;D3;+0:1].[NH2;D1;+0:2],cN>>N.cCl,,CC#N,,O=C([O-])[O-].[K+].[K+],,
1_3,53896500,[CH3:2][CH2:3][CH:4]([CH2:5][CH3:6])[c:7]1[cH:8][c:9]([NH:10][CH:11]2[CH2:12][CH2:13][CH:14]([NH:15]C(=O)OC(C)(C)C)[CH2:16]2)[n:17]2[n:18][cH:19][cH:20][c:21]2[n:22]1.[H:1]>>[H:1].[CH3:2][CH2:3][CH:4]([CH2:5][CH3:6])[c:7]1[cH:8][c:9]([NH:10][CH:11]2[CH2:12][CH2:13][CH:14]([NH2:15])[CH2:16]2)[n:17]2[n:18][cH:19][cH:20][c:21]2[n:22]1,[C:2]-[NH2;D1;+0:1]>>C-C(-C)(-C)-O-C(=O)-[NH;D2;+0:1]-[C:2],[NH2;D1;+0:1]>>C-C(-C)(-C)-O-C(=O)-[NH;D2;+0:1],N>>CC(C)(C)OC(N)=O,,ClCCl,,Cl,,
2_0,2943227,[SH:9][CH2:10][CH2:11][CH2:12][SH:13].O=[CH:8][c:7]1[cH:6][cH:5][cH:4][cH:3][c:2]1[F:1]>>[F:1][c:2]1[cH:3][cH:4][cH:5][cH:6][c:7]1[CH:8]1[S:9][CH2:10][CH2:11][CH2:12][S:13]1,[C:3]-[S;H0;D2;+0:4]-[CH;D3;+0:1](-[c:2])-[S;H0;D2;+0:6]-[C:5]>>O=[CH;D2;+0:1]-[c:2].[C:3]-[SH;D1;+0:4].[C:5]-[SH;D1;+0:6],[S;H0;D2;+0:2]-[CH;D3;+0:1]-[S;H0;D2;+0:3]>>O=[CH;D2;+0:1].[SH;D1;+0:2].[SH;D1;+0:3],SCS>>C=O.S.S,,C1CCOC1,,II,N,
2_1,29341555,[CH3:1][C:2]([CH3:3])([CH3:4])[O:5][C:6](=[O:7])[N:8]1[CH2:9][CH2:10][C:11](=[O:12])[CH2:26][CH2:27]1.[F:20][c:19]1[cH:18][cH:17][cH:16][cH:15][c:14]1[CH:13]1[S:21][CH2:22][CH2:23][CH2:24][S:25]1>>[CH3:1][C:2]([CH3:3])([CH3:4])[O:5][C:6](=[O:7])[N:8]1[CH2:9][CH2:10][C:11]([OH:12])([C:13]2([c:14]3[cH:15][cH:16][cH:17][cH:18][c:19]3[F:20])[S:21][CH2:22][CH2:23][CH2:24][S:25]2)[CH2:26][CH2:27]1,[#16:1]-[C;H0;D4;+0:2](-[#16:3])(-[c:4])-[C;H0;D4;+0:6](-[C:5])(-[C:7])-[OH;D1;+0:8]>>[#16:1]-[CH;D3;+0:2](-[#16:3])-[c:4].[C:5]-[C;H0;D3;+0:6](-[C:7])=[O;H0;D1;+0:8],[C;H0;D4;+0:3]-[C;H0;D4;+0:1]-[OH;D1;+0:2]>>[C;H0;D3;+0:1]=[O;H0;D1;+0:2].[CH;D3;+0:3],CCO>>C.C=O,,C1CCOC1,,CC(C)[N-]C(C)C.[Li+],[Cl-].[NH4+],
2_2,29341515,[CH3:1][C:2]([CH3:3])([CH3:4])[O:5][C:6](=[O:7])[N:8]1[CH2:9][CH2:10][C:11]([OH:12])([C:13]2([c:15]3[cH:16][cH:17][cH:18][cH:19][c:20]3[F:21])SCCCS2)[CH2:22][CH2:23]1>>[CH3:1][C:2]([CH3:3])([CH3:4])[O:5][C:6](=[O:7])[N:8]1[CH2:9][CH2:10][C:11]([OH:12])([C:13](=[O:14])[c:15]2[cH:16][cH:17][cH:18][cH:19][c:20]2[F:21])[CH2:22][CH2:23]1,[C:1]-[C;H0;D3;+0:2]-[c:3]>>[C:1]-[C;H0;D4;+0:2]1(-[c:3])-S-C-C-C-S-1,[C;H0;D3;+0:1]>>C1-C-S-[C;H0;D4;+0:1]-S-C-1,C>>C1CSCSC1,,O,,ClCCl,[Br-].[Br-].[Br-].c1cc[nH+]cc1,
2_3,29341506,[CH3:1][C:2]([CH3:3])([CH3:4])[O:5][C:6](=[O:7])[N:8]1[CH2:9][CH2:10][C:11]([OH:14])([C:21](=[O:22])[c:20]2[cH:19][cH:18][cH:17][cH:16][c:15]2F)[CH2:12][CH2:13]1>>[CH3:1][C:2]([CH3:3])([CH3:4])[O:5][C:6](=[O:7])[N:8]1[CH2:9][CH2:10][C:11]2([CH2:12][CH2:13]1)[O:14][c:15]1[cH:16][cH:17][cH:18][cH:19][c:20]1[C:21]2=[O:22],[O;D1;H0:5]=[C:4]1-[C:6]-[O;H0;D2;+0:7]-[c;H0;D3;+0:1](:[c:2]):[c:3]-1>>F-[c;H0;D3;+0:1](:[c:2]):[c:3]-[C:4](=[O;D1;H0:5])-[C:6]-[OH;D1;+0:7],[O;H0;D2;+0:2]-[c;H0;D3;+0:1]>>F-[c;H0;D3;+0:1].[OH;D1;+0:2],cO>>O.cF,,C1CCOC1C,,CC(C)(C)[O-].[K+],,
2_4,57035181,[CH3:1][C:2]([CH3:3])([CH3:4])[O:5][C:6](=[O:7])[N:8]1[CH2:9][CH2:10][C:11]2([CH2:12][CH2:13]1)[O:14][c:15]1[cH:16][cH:17][cH:18][cH:19][c:20]1[C:21]2=O.[CH3:26][C:25]([CH3:27])([CH3:28])[S:23]([NH2:22])=[O:24]>>[CH3:1][C:2]([CH3:3])([CH3:4])[O:5][C:6](=[O:7])[N:8]1[CH2:9][CH2:10][C:11]2([CH2:12][CH2:13]1)[O:14][c:15]1[cH:16][cH:17][cH:18][cH:19][c:20]1[CH:21]2[NH:22][S:23](=[O:24])[C:25]([CH3:26])([CH3:27])[CH3:28],[#16:4]-[NH;D2;+0:5]-[CH;D3;+0:1](-[C:2])-[c:3]>>O=[C;H0;D3;+0:1](-[C:2])-[c:3].[#16:4]-[NH2;D1;+0:5],[CH;D3;+0:1]-[NH;D2;+0:2]>>O=[C;H0;D3;+0:1].[NH2;D1;+0:2],CN>>C=O.N,CC[O-].CC[O-].CC[O-].CC[O-].[Ti+4],C1CCOC1C,,[BH4-].[Na+],,
2_5,52542156,CC(C)(C)OC(=O)[N:14]1[CH2:13][CH2:12][C:11]2([CH2:16][CH2:15]1)[O:10][c:9]1[cH:8][cH:7][cH:6][cH:5][c:4]1[CH:3]2[NH:2]S(=O)C(C)(C)C.[H:1]>>[H:1].[NH2:2][CH:3]1[c:4]2[cH:5][cH:6][cH:7][cH:8][c:9]2[O:10][C:11]12[CH2:12][CH2:13][NH:14][CH2:15][CH2:16]2,[C:5]-[NH2;D1;+0:4].[C:2]-[NH;D2;+0:1]-[C:3]>>C-C(-C)(-C)-O-C(=O)-[N;H0;D3;+0:1](-[C:2])-[C:3].C-C(-C)(-C)-S(=O)-[NH;D2;+0:4]-[C:5],[NH2;D1;+0:2].[NH;D2;+0:1]>>C-C(-C)(-C)-O-C(=O)-[N;H0;D3;+0:1].C-C(-C)(-C)-S(=O)-[NH;D2;+0:2],N>>CC(C)(C)OC(N)=O,,CO,,Cl,,
2_6,65874238,Cc1nc(C)c(C)nc1C.[Cl:7][c:6]1[cH:5][n:4][cH:3][c:9]([Cl:10])[n:8]1.CCO[CH:2]=[O:1]>>[O:1]=[CH:2][c:3]1[n:4][cH:5][c:6]([Cl:7])[n:8][c:9]1[Cl:10],[#7;a:3]:[c;H0;D3;+0:4](-[CH;D2;+0:1]=[O;D1;H0:2]):[c:5]:[#7;a:6]>>C-C-O-[CH;D2;+0:1]=[O;D1;H0:2].[#7;a:3]:[cH;D2;+0:4]:[c:5]:[#7;a:6],[CH;D2;+0:1]-[c;H0;D3;+0:2]>>C-C-O-[CH;D2;+0:1].[cH;D2;+0:2],Cc>>COCC.c,,C1CCOC1,,[Li]CCCC,CC(C)NC(C)C,
2_7,57035235,O=[CH:6][c:5]1[n:4][cH:3][c:2]([Cl:1])[n:10][c:9]1Cl.[NH2:7][NH2:8].O>>[Cl:1][c:2]1[cH:3][n:4][c:5]2[cH:6][n:7][nH:8][c:9]2[n:10]1,[#7;a:4]1:[c:5]:[c:6]2:[cH;D2;+0:7]:[n;H0;D2;+0:8]:[nH;D2;+0:9]:[c;H0;D3;+0:1]:2:[c:2]:[c:3]:1>>Cl-[c;H0;D3;+0:1]1:[c:2]:[c:3]:[#7;a:4]:[c:5]:[c:6]:1-[CH;D2;+0:7]=O.[NH2;D1;+0:8]-[NH2;D1;+0:9],[c;H0;D3;+0:1]:[nH;D2;+0:4]:[n;H0;D2;+0:3]:[cH;D2;+0:2]>>Cl-[c;H0;D3;+0:1].O=[CH;D2;+0:2].[NH2;D1;+0:3]-[NH2;D1;+0:4],cnnc>>C=O.NN.cCl,,COCCOC,,NN.O,,
2_8,48071414,[Cl:1][c:2]1[cH:3][n:4][c:5]2[cH:6][n:8][nH:9][c:10]2[n:11]1.O=C1CCC(=O)N1[I:7]>>[Cl:1][c:2]1[cH:3][n:4][c:5]2[c:6]([I:7])[n:8][nH:9][c:10]2[n:11]1,[#7;a:2]:[c:3]1:[#7;a:4]:[#7;a:5]:[c;H0;D3;+0:6](-[I;H0;D1;+0:1]):[c:7]:1:[#7;a:8]>>O=C1-C-C-C(=O)-N-1-[I;H0;D1;+0:1].[#7;a:2]:[c:3]1:[#7;a:4]:[#7;a:5]:[cH;D2;+0:6]:[c:7]:1:[#7;a:8],[I;H0;D1;+0:1]-[c;H0;D3;+0:2]>>O=C1-C-C-C(=O)-N-1-[I;H0;D1;+0:1].[cH;D2;+0:2],cI>>O=C1CCC(=O)N1I.c,,CN(C)C=O,,,,
2_9,65874983,[Cl:1][c:2]1[cH:3][n:4][c:5]2[c:6]([I:7])[n:8][nH:9][c:16]2[n:17]1.[CH:11]1=[CH:10][O:15][CH2:14][CH2:13][CH2:12]1.Cc1ccc(S(=O)(=O)O)cc1>>[Cl:1][c:2]1[cH:3][n:4][c:5]2[c:6]([I:7])[n:8][n:9]([CH:10]3[CH2:11][CH2:12][CH2:13][CH2:14][O:15]3)[c:16]2[n:17]1,[#7;a:1]:[c:2](:[c:3]:[#7;a:4]):[n;H0;D3;+0:5](:[#7;a:6])-[CH;D3;+0:8](-[#8:7])-[CH2;D2;+0:9]-[C:10]>>[#7;a:1]:[c:2](:[c:3]:[#7;a:4]):[nH;D2;+0:5]:[#7;a:6].[#8:7]-[CH;D2;+0:8]=[CH;D2;+0:9]-[C:10],[CH2;D2;+0:2]-[CH;D3;+0:1]-[n;H0;D3;+0:3]>>[CH;D2;+0:1]=[CH;D2;+0:2].[nH;D2;+0:3],CCn>>C=C.n,,ClCCl,,Cc1ccc(S(=O)(=O)O)cc1,,
2_10,52541078,[cH:14]1[cH:13][n:12][c:11]2[c:16]([cH:15]1)[NH:7][CH2:8][CH2:9][CH2:10]2.[Cl:1][c:2]1[cH:3][n:4][c:5]2[c:6](I)[n:17][n:18]([CH:19]3[CH2:20][CH2:21][CH2:22][CH2:23][O:24]3)[c:25]2[n:26]1>>[Cl:1][c:2]1[cH:3][n:4][c:5]2[c:6]([N:7]3[CH2:8][CH2:9][CH2:10][c:11]4[n:12][cH:13][cH:14][cH:15][c:16]43)[n:17][n:18]([CH:19]3[CH2:20][CH2:21][CH2:22][CH2:23][O:24]3)[c:25]2[n:26]1,[#7;a:8]:[c:9]:[c:10]-[N;H0;D3;+0:11](-[C:12])-[c;H0;D3;+0:1]1:[#7;a:2]:[#7;a:3]:[c:4](:[#7;a:5]):[c:6]:1:[#7;a:7]>>I-[c;H0;D3;+0:1]1:[#7;a:2]:[#7;a:3]:[c:4](:[#7;a:5]):[c:6]:1:[#7;a:7].[#7;a:8]:[c:9]:[c:10]-[NH;D2;+0:11]-[C:12],[N;H0;D3;+0:2]-[c;H0;D3;+0:1]>>I-[c;H0;D3;+0:1].[NH;D2;+0:2],cN>>N.cI,O=C(/C=C/c1ccccc1)/C=C/c1ccccc1.O=C(/C=C/c1ccccc1)/C=C/c1ccccc1.O=C(/C=C/c1ccccc1)/C=C/c1ccccc1.[Pd].[Pd],C1COCCO1,,O=P([O-])([O-])[O-].[K+].[K+].[K+],,
2_11,52540202,Cl[c:14]1[cH:15][n:16][c:17]2[c:18]([N:19]3[CH2:20][CH2:21][CH2:22][c:23]4[n:24][cH:25][cH:26][cH:27][c:28]43)[n:29][n:30]([CH:31]3[CH2:32][CH2:33][CH2:34][CH2:35][O:36]3)[c:37]2[n:38]1.Cl.[NH2:1][CH:2]1[c:3]2[cH:4][cH:5][cH:6][cH:7][c:8]2[O:9][C:10]12[CH2:11][CH2:12][NH:13][CH2:39][CH2:40]2>>[NH2:1][CH:2]1[c:3]2[cH:4][cH:5][cH:6][cH:7][c:8]2[O:9][C:10]12[CH2:11][CH2:12][N:13]([c:14]1[cH:15][n:16][c:17]3[c:18]([N:19]4[CH2:20][CH2:21][CH2:22][c:23]5[n:24][cH:25][cH:26][cH:27][c:28]54)[n:29][n:30]([CH:31]4[CH2:32][CH2:33][CH2:34][CH2:35][O:36]4)[c:37]3[n:38]1)[CH2:39][CH2:40]2,[#7;a:6]:[c:5]1:[#7;a:4]:[c:3]:[#7;a:2]:[c;H0;D3;+0:1](-[NH;D2;+0:10]-[C:9]):[c:7]:1:[#7;a:8]>>Cl-[c;H0;D3;+0:1]1:[#7;a:2]:[c:3]:[#7;a:4]:[c:5](:[#7;a:6]):[c:7]:1:[#7;a:8].[C:9]-[NH2;D1;+0:10],[NH;D2;+0:2]-[c;H0;D3;+0:1]>>Cl-[c;H0;D3;+0:1].[NH2;D1;+0:2],cN>>N.cCl,,CCO,,CCN(C(C)C)C(C)C,,
2_12,65874221,[NH2:2][CH:3]1[c:4]2[cH:5][cH:6][cH:7][cH:8][c:9]2[O:10][C:11]12[CH2:12][CH2:13][N:14]([c:15]1[cH:16][n:17][c:18]3[c:19]([N:20]4[CH2:21][CH2:22][CH2:23][c:24]5[n:25][cH:26][cH:27][cH:28][c:29]54)[n:30][n:31](C4CCCCO4)[c:32]3[n:33]1)[CH2:34][CH2:35]2.[H:1]>>[H:1].[NH2:2][CH:3]1[c:4]2[cH:5][cH:6][cH:7][cH:8][c:9]2[O:10][C:11]12[CH2:12][CH2:13][N:14]([c:15]1[cH:16][n:17][c:18]3[c:19]([N:20]4[CH2:21][CH2:22][CH2:23][c:24]5[n:25][cH:26][cH:27][cH:28][c:29]54)[n:30][nH:31][c:32]3[n:33]1)[CH2:34][CH2:35]2,[#7;a:1]:[c:2]:[c:3](:[#7;a:4]):[nH;D2;+0:5]:[#7;a:6]>>[#7;a:1]:[c:2]:[c:3](:[#7;a:4]):[n;H0;D3;+0:5](:[#7;a:6])-C1-C-C-C-C-O-1,[nH;D2;+0:1]>>[n;H0;D3;+0:1]-C1-C-C-C-C-O-1,n>>nC1CCCCO1,,C1COCCO1,,Cl,,
4_0,36086149,[CH3:1][CH:2]([NH2:3])[c:16]1[cH:17][cH:18][cH:19][c:20]2[cH:21][cH:22][cH:23][cH:24][c:25]12.[O:5]=[C:4](Cl)[CH:6]1[CH2:7][CH2:8][c:9]2[cH:10][cH:11][cH:12][cH:13][c:14]2[O:15]1>>[CH3:1][CH:2]([NH:3][C:4](=[O:5])[CH:6]1[CH2:7][CH2:8][c:9]2[cH:10][cH:11][cH:12][cH:13][c:14]2[O:15]1)[c:16]1[cH:17][cH:18][cH:19][c:20]2[cH:21][cH:22][cH:23][cH:24][c:25]12,[#7;a:5]:[#7;a:4]:[c:3]-[C;H0;D3;+0:1](=[O;D1;H0:2])-[NH;D2;+0:7]-[C:6]>>Cl-[C;H0;D3;+0:1](=[O;D1;H0:2])-[c:3]:[#7;a:4]:[#7;a:5].[C:6]-[NH2;D1;+0:7],[C;H0;D3;+0:1]-[NH;D2;+0:2]>>Cl-[C;H0;D3;+0:1].[NH2;D1;+0:2],CN>>CCl.N,,ClCCl,,CCN(CC)CC,,
4_1,36086129,[CH3:1][CH:2]([NH:3][C:4](=O)[CH:5]1[CH2:6][CH2:7][c:8]2[cH:9][cH:10][cH:11][cH:12][c:13]2[O:14]1)[c:15]1[cH:16][cH:17][cH:18][c:19]2[cH:20][cH:21][cH:22][cH:23][c:24]12>>[CH3:1][CH:2]([NH:3][CH2:4][CH:5]1[CH2:6][CH2:7][c:8]2[cH:9][cH:10][cH:11][cH:12][c:13]2[O:14]1)[c:15]1[cH:16][cH:17][cH:18][c:19]2[cH:20][cH:21][cH:22][cH:23][c:24]12,[#7:2]-[CH2;D2;+0:1]-[C:3]-[#8:4]>>O=[C;H0;D3;+0:1](-[#7:2])-[C:3]-[#8:4],[CH2;D2;+0:1]>>O=[C;H0;D3;+0:1],C>>C=O,,C1CCOC1,,B.C1CCOC1,,
4_2,36086162,[CH3:29][C:28]([CH3:30])([CH3:31])[O:27][C:25](=[O:26])OC(=O)OC(C)(C)C.[CH3:1][CH:2]([NH:13][CH2:14][CH:15]1[CH2:16][CH2:17][c:18]2[cH:19][cH:20][cH:21][cH:22][c:23]2[O:24]1)[c:3]1[cH:4][cH:5][cH:6][c:7]2[cH:8][cH:9][cH:10][cH:11][c:12]12>>[CH3:1][CH:2]([c:3]1[cH:4][cH:5][cH:6][c:7]2[cH:8][cH:9][cH:10][cH:11][c:12]12)[N:13]([CH2:14][CH:15]1[CH2:16][CH2:17][c:18]2[cH:19][cH:20][cH:21][cH:22][c:23]2[O:24]1)[C:25](=[O:26])[O:27][C:28]([CH3:29])([CH3:30])[CH3:31],[C:8]-[N;H0;D3;+0:9](-[C:10])-[C;H0;D3;+0:1](=[O;D1;H0:2])-[#8:3]-[C:4](-[C;D1;H3:5])(-[C;D1;H3:6])-[C;D1;H3:7]>>C-C(-C)(-C)-O-C(=O)-O-[C;H0;D3;+0:1](=[O;D1;H0:2])-[#8:3]-[C:4](-[C;D1;H3:5])(-[C;D1;H3:6])-[C;D1;H3:7].[C:8]-[NH;D2;+0:9]-[C:10],[C;H0;D3;+0:1]-[NH;D2;+0:2]>>[C;H0;D3;+0:1]-O-[C;H0;D3;+0:1].[NH;D2;+0:2],CN>>COC.N,,ClCCl,,CCN(C(C)C)C(C)C,,
4_3,36086167,[CH3:1][CH:2]([c:3]1[cH:4][cH:5][cH:6][c:7]2[cH:8][cH:9][cH:10][cH:11][c:12]12)[N:13]([CH2:14][CH:15]1[CH2:16][CH2:17][c:19]2[cH:20][cH:21][cH:22][cH:23][c:24]2[O:25]1)[C:26](=[O:27])[O:18][C:29]([CH3:30])([CH3:31])[CH3:32]>>[CH3:1][CH:2]([c:3]1[cH:4][cH:5][cH:6][c:7]2[cH:8][cH:9][cH:10][cH:11][c:12]12)[N:13]([CH2:14][CH:15]1[CH2:16][C:17](=[O:18])[c:19]2[cH:20][cH:21][cH:22][cH:23][c:24]2[O:25]1)[C:26](=[O:27])[O:28][C:29]([CH3:30])([CH3:31])[CH3:32],[C:1]-[C;H0;D3;+0:2]-[c:3]>>[C:1]-[CH2;D2;+0:2]-[c:3],[C;H0;D3;+0:1]>>[CH2;D2;+0:1],C>>C,,CC(C)=O,,O=[Mn](=O)(=O)[O-].[K+],O=S(=O)([O-])[O-].[Mg+2],
4_4,36086178,O=S(=O)(N(c1ccccc1)[S:19](=[O:20])(=[O:21])[C:22]([F:23])([F:24])[F:25])C(F)(F)F.[CH3:1][CH:2]([c:3]1[cH:4][cH:5][cH:6][c:7]2[cH:8][cH:9][cH:10][cH:11][c:12]12)[N:13]([CH2:14][CH:15]1[CH2:16][C:17](=[O:18])[c:26]2[cH:27][cH:28][cH:29][cH:30][c:31]2[O:32]1)[C:33](=[O:34])[O:35][C:36]([CH3:37])([CH3:38])[CH3:39]>>[CH3:1][CH:2]([c:3]1[cH:4][cH:5][cH:6][c:7]2[cH:8][cH:9][cH:10][cH:11][c:12]12)[N:13]([CH2:14][CH:15]1[CH:16]=[C:17]([O:18][S:19](=[O:20])(=[O:21])[C:22]([F:23])([F:24])[F:25])[c:26]2[cH:27][cH:28][cH:29][cH:30][c:31]2[O:32]1)[C:33](=[O:34])[O:35][C:36]([CH3:37])([CH3:38])[CH3:39],[C:1]-[CH;D2;+0:2]=[C;H0;D3;+0:3](-[C:4])-[O;H0;D2;+0:5]-[S;H0;D4;+0:10](=[O;D1;H0:11])(=[O;D1;H0:12])-[C:7](-[F;D1;H0:6])(-[F;D1;H0:8])-[F;D1;H0:9]>>[C:1]-[CH2;D2;+0:2]-[C;H0;D3;+0:3](-[C:4])=[O;H0;D1;+0:5].[F;D1;H0:6]-[C:7](-[F;D1;H0:8])(-[F;D1;H0:9])-[S;H0;D4;+0:10](=[O;D1;H0:11])(=[O;D1;H0:12])-N(-c1:c:c:c:c:c:1)-[S;H0;D4;+0:10](=[O;D1;H0:11])(=[O;D1;H0:12])-[C:7](-[F;D1;H0:6])(-[F;D1;H0:8])-[F;D1;H0:9],[CH;D2;+0:1]=[C;H0;D3;+0:2]-[O;H0;D2;+0:3]-[S;H0;D4;+0:4]>>[CH2;D2;+0:1]-[C;H0;D3;+0:2]=[O;H0;D1;+0:3].[S;H0;D4;+0:4]-N(-[S;H0;D4;+0:4])-c1:c:c:c:c:c:1,C=COS>>CC=O.SN(S)c1ccccc1,,C1CCOC1,,C[Si](C)(C)[N-][Si](C)(C)C.[K+],,
4_5,65383083,[CH3:1][O:2][C:3](=[O:4])[c:5]1[cH:6][c:7](B(O)O)[cH:39][cH:40][c:41]1[CH3:42].[CH3:21][CH:20]([c:22]1[cH:23][cH:24][cH:25][c:26]2[cH:27][cH:28][cH:29][cH:30][c:31]12)[N:12]([CH2:11][CH:10]1[CH:9]=[C:8](OS(=O)(=O)C(F)(F)F)[c:38]2[cH:37][cH:36][cH:35][cH:34][c:33]2[O:32]1)[C:13](=[O:14])[O:15][C:16]([CH3:17])([CH3:18])[CH3:19]>>[CH3:1][O:2][C:3](=[O:4])[c:5]1[cH:6][c:7]([C:8]2=[CH:9][CH:10]([CH2:11][N:12]([C:13](=[O:14])[O:15][C:16]([CH3:17])([CH3:18])[CH3:19])[CH:20]([CH3:21])[c:22]3[cH:23][cH:24][cH:25][c:26]4[cH:27][cH:28][cH:29][cH:30][c:31]34)[O:32][c:33]3[cH:34][cH:35][cH:36][cH:37][c:38]32)[cH:39][cH:40][c:41]1[CH3:42],[C:2]=[C;H0;D3;+0:1](-[c:3])-[c;H0;D3;+0:4](:[c:5]):[c:6]>>F-C(-F)(-F)-S(=O)(=O)-O-[C;H0;D3;+0:1](=[C:2])-[c:3].O-B(-O)-[c;H0;D3;+0:4](:[c:5]):[c:6],[C;H0;D3;+0:1]-[c;H0;D3;+0:2]>>F-C(-F)(-F)-S(=O)(=O)-O-[C;H0;D3;+0:1].O-B(-O)-[c;H0;D3;+0:2],Cc>>COS(=O)(=O)C(F)(F)F.cB(O)O,c1ccc([P](c2ccccc2)(c2ccccc2)[Pd]([P](c2ccccc2)(c2ccccc2)c2ccccc2)([P](c2ccccc2)(c2ccccc2)c2ccccc2)[P](c2ccccc2)(c2ccccc2)c2ccccc2)cc1,COCCOC,,O=C([O-])[O-].[Na+].[Na+],,
4_6,57153190,[CH3:1][O:2][C:3](=[O:4])[c:5]1[cH:6][c:7]([C:8]2=[CH:9][CH:10]([CH2:11][N:12]([C:13](=[O:14])[O:15][C:16]([CH3:17])([CH3:18])[CH3:19])[CH:20]([CH3:21])[c:22]3[cH:23][cH:24][cH:25][c:26]4[cH:27][cH:28][cH:29][cH:30][c:31]34)[O:32][c:33]3[cH:34][cH:35][cH:36][cH:37][c:38]32)[cH:39][cH:40][c:41]1[CH3:42]>>[CH3:1][O:2][C:3](=[O:4])[c:5]1[cH:6][c:7]([CH:8]2[CH2:9][CH:10]([CH2:11][N:12]([C:13](=[O:14])[O:15][C:16]([CH3:17])([CH3:18])[CH3:19])[CH:20]([CH3:21])[c:22]3[cH:23][cH:24][cH:25][c:26]4[cH:27][cH:28][cH:29][cH:30][c:31]34)[O:32][c:33]3[cH:34][cH:35][cH:36][cH:37][c:38]32)[cH:39][cH:40][c:41]1[CH3:42],[#8:1]-[C:2]-[CH2;D2;+0:3]-[CH;D3;+0:4](-[C:5])-[c:6]>>[#8:1]-[C:2]-[CH;D2;+0:3]=[C;H0;D3;+0:4](-[C:5])-[c:6],[CH2;D2;+0:2]-[CH;D3;+0:1]>>[C;H0;D3;+0:1]=[CH;D2;+0:2],CC>>C=C,[Pd],CO,,[H][H],,
4_7,65383208,[CH3:1][O:2][C:3](=[O:4])[c:5]1[cH:6][c:7]([CH:8]2[CH2:9][CH:10]([CH2:11][N:12]([C:46](=[O:39])[O:25][C:48]([CH3:27])([CH3:26])[CH3:68])[CH:13]([CH3:14])[c:15]3[cH:16][cH:17][cH:18][c:19]4[cH:20][cH:21][cH:22][cH:23][c:24]34)[O:60][c:61]3[cH:62][cH:63][cH:64][cH:65][c:66]32)[cH:32][cH:33][c:34]1[CH3:35]>>[CH3:1][O:2][C:3](=[O:4])[c:5]1[cH:6][c:7]([CH:8]2[CH2:9][CH:10]([CH2:11][NH:12][CH:13]([CH3:14])[c:15]3[cH:16][cH:17][cH:18][c:19]4[cH:20][cH:21][cH:22][cH:23][c:24]34)[O:25][c:26]3[cH:27][cH:28][cH:29][cH:30][c:31]32)[cH:32][cH:33][c:34]1[CH3:35].[CH3:36][O:37][C:38](=[O:39])[c:40]1[cH:41][c:42]([CH:43]2[CH2:44][CH:45]([CH2:46][NH:47][CH:48]([CH3:49])[c:50]3[cH:51][cH:52][cH:53][c:54]4[cH:55][cH:56][cH:57][cH:58][c:59]34)[O:60][c:61]3[cH:62][cH:63][cH:64][cH:65][c:66]32)[cH:67][cH:68][c:69]1[CH3:70],[C:2]-[NH;D2:1]>>C-C(-C)(-C)-O-C(=O)-[N;D3;+0:1]-[C:2],[NH2+;D2:1]>>C-C(-C)(-C)-O-C(=O)-[N;D3;+0:1],N>>CC(C)(C)OC(N)=O,,ClCCl,,Cl,,
4_8,65383230,C[O:34][C:32](=[O:33])[c:31]1[cH:30][c:5]([CH:6]2[CH2:7][CH:8]([CH2:9][NH:10][CH:11]([CH3:12])[c:13]3[cH:14][cH:15][cH:16][c:17]4[cH:18][cH:19][cH:20][cH:21][c:22]34)[O:23][c:24]3[cH:25][cH:26][cH:27][cH:28][c:29]32)[cH:4][cH:3][c:2]1[CH3:1]>>[CH3:1][c:2]1[cH:3][cH:4][c:5]([CH:6]2[CH2:7][CH:8]([CH2:9][NH:10][CH:11]([CH3:12])[c:13]3[cH:14][cH:15][cH:16][c:17]4[cH:18][cH:19][cH:20][cH:21][c:22]34)[O:23][c:24]3[cH:25][cH:26][cH:27][cH:28][c:29]32)[cH:30][c:31]1[C:32](=[O:33])[OH:34],[O;D1;H0:3]=[C:2]-[OH;D1;+0:1]>>C-[O;H0;D2;+0:1]-[C:2]=[O;D1;H0:3],[OH;D1;+0:1]>>C-[O;H0;D2;+0:1],O>>CO,,C1CCOC1,CO,[Li+].[OH-],O,
5_0,33527632,[CH3:1][O:2][C:3](=[O:4])[c:5]1[cH:16][cH:15][c:10]([NH2:11])[c:7]([O:8][CH3:9])[cH:6]1.[Na+].[N:13]#[C:12][S-:14]>>[CH3:1][O:2][C:3](=[O:4])[c:5]1[cH:6][c:7]([O:8][CH3:9])[c:10]2[n:11][c:12]([NH2:13])[s:14][c:15]2[cH:16]1,[NH2;D1;+0:1]-[c;H0;D3;+0:2]1:[n;H0;D2;+0:4]:[c:5]:[c;H0;D3;+0:6](:[c:7]):[s;H0;D2;+0:3]:1>>[N;H0;D1;+0:1]#[C;H0;D2;+0:2]-[S-;H0;D1:3].[NH2;D1;+0:4]-[c:5]:[cH;D2;+0:6]:[c:7],[NH2;D1;+0:1]-[c;H0;D3;+0:2](:[n;H0;D2;+0:4]):[s;H0;D2;+0:3]:[c;H0;D3;+0:5]>>[N;H0;D1;+0:1]#[C;H0;D2;+0:2]-[S-;H0;D1:3].[NH2;D1;+0:4].[cH;D2;+0:5],csc(N)n>>N.N#CS.c,,,,BrBr,CC(=O)O,
5_1,33527748,[CH3:1][O:2][C:3](=[O:4])[c:5]1[cH:6][c:7]([O:8][CH3:9])[c:10]2[n:11][c:12](N)[s:14][c:15]2[cH:16]1>>[CH3:1][O:2][C:3](=[O:4])[c:5]1[cH:6][c:7]([O:8][CH3:9])[c:10]2[n:11][c:12]([Cl:13])[s:14][c:15]2[cH:16]1,[#16;a:2]:[c;H0;D3;+0:1]:[#7;a:3]>>N-[c;H0;D3;+0:1](:[#16;a:2]):[#7;a:3],[c;H0;D3;+0:1]>>N-[c;H0;D3;+0:1],c>>cN,Cl[Cu]Cl,CC#N,,CC(C)CCON=O,Cl,
5_2,64590620,[CH3:1][O:2][C:3](=[O:4])[c:5]1[cH:6][c:7]([O:8][CH3:9])[c:10]2[n:11][c:12](Cl)[s:27][c:28]2[cH:29]1.[CH3:26][CH:25]1[CH2:24][N:16]([C:17](=[O:18])[O:19][C:20]([CH3:21])([CH3:22])[CH3:23])[CH2:15][CH2:14][NH:13]1>>[CH3:1][O:2][C:3](=[O:4])[c:5]1[cH:6][c:7]([O:8][CH3:9])[c:10]2[n:11][c:12]([N:13]3[CH2:14][CH2:15][N:16]([C:17](=[O:18])[O:19][C:20]([CH3:21])([CH3:22])[CH3:23])[CH2:24][CH:25]3[CH3:26])[s:27][c:28]2[cH:29]1,[#16;a:2]:[c;H0;D3;+0:1](:[#7;a:3])-[N;H0;D3;+0:5](-[C:4])-[C:6]>>Cl-[c;H0;D3;+0:1](:[#16;a:2]):[#7;a:3].[C:4]-[NH;D2;+0:5]-[C:6],[N;H0;D3;+0:2]-[c;H0;D3;+0:1]>>Cl-[c;H0;D3;+0:1].[NH;D2;+0:2],cN>>N.cCl,,CC(=O)N(C)C,,O=C([O-])[O-].[Cs+].[Cs+],,
5_3,64590641,[CH3:1][O:2][C:3](=[O:4])[c:5]1[cH:6][c:7]([O:8][CH3:9])[c:10]2[n:11][c:12]([N:13]3[CH2:14][CH2:15][N:16](C(=O)OC(C)(C)C)[CH2:17][CH:18]3[CH3:19])[s:20][c:21]2[cH:22]1>>[CH3:1][O:2][C:3](=[O:4])[c:5]1[cH:6][c:7]([O:8][CH3:9])[c:10]2[n:11][c:12]([N:13]3[CH2:14][CH2:15][NH:16][CH2:17][CH:18]3[CH3:19])[s:20][c:21]2[cH:22]1,[C:2]-[NH;D2;+0:1]-[C:3]>>C-C(-C)(-C)-O-C(=O)-[N;H0;D3;+0:1](-[C:2])-[C:3],[NH;D2;+0:1]>>C-C(-C)(-C)-O-C(=O)-[N;H0;D3;+0:1],N>>CC(C)(C)OC(N)=O,,C1COCCO1,,Cl,,
5_4,64590283,O=[CH:17][c:18]1[c:19](-[c:20]2[c:21]([Cl:22])[cH:23][cH:24][cH:25][c:26]2[Cl:27])[n:28][o:29][c:30]1[CH:31]1[CH2:32][CH2:33]1.[CH3:1][O:2][C:3](=[O:4])[c:5]1[cH:6][c:7]([O:8][CH3:9])[c:10]2[n:11][c:12]([N:13]3[CH2:14][CH2:15][NH:16][CH2:34][CH:35]3[CH3:36])[s:37][c:38]2[cH:39]1>>[CH3:1][O:2][C:3](=[O:4])[c:5]1[cH:6][c:7]([O:8][CH3:9])[c:10]2[n:11][c:12]([N:13]3[CH2:14][CH2:15][N:16]([CH2:17][c:18]4[c:19](-[c:20]5[c:21]([Cl:22])[cH:23][cH:24][cH:25][c:26]5[Cl:27])[n:28][o:29][c:30]4[CH:31]4[CH2:32][CH2:33]4)[CH2:34][CH:35]3[CH3:36])[s:37][c:38]2[cH:39]1,[C:7]-[N;H0;D3;+0:8](-[C:9])-[CH2;D2;+0:1]-[c:2]1:[c:3]:[#7;a:4]:[#8;a:5]:[c:6]:1>>O=[CH;D2;+0:1]-[c:2]1:[c:3]:[#7;a:4]:[#8;a:5]:[c:6]:1.[C:7]-[NH;D2;+0:8]-[C:9],[CH2;D2;+0:1]-[N;H0;D3;+0:2]>>O=[CH;D2;+0:1].[NH;D2;+0:2],CN>>C=O.N,,ClCCl,,CC(=O)[O-].[Na+],CC(=O)O[BH-](OC(C)=O)OC(C)=O.[Na+],
5_5,64456417,C[O:8][C:6](=[O:7])[c:5]1[cH:4][c:3]([O:2][CH3:1])[c:38]2[n:37][c:12]([N:13]3[CH2:14][CH2:15][N:16]([CH2:17][c:18]4[c:19](-[c:20]5[c:21]([Cl:22])[cH:23][cH:24][cH:25][c:26]5[Cl:27])[n:28][o:29][c:30]4[CH:31]4[CH2:32][CH2:33]4)[CH2:34][CH:35]3[CH3:36])[s:11][c:10]2[cH:9]1>>[CH3:1][O:2][c:3]1[cH:4][c:5]([C:6](=[O:7])[OH:8])[cH:9][c:10]2[s:11][c:12]([N:13]3[CH2:14][CH2:15][N:16]([CH2:17][c:18]4[c:19](-[c:20]5[c:21]([Cl:22])[cH:23][cH:24][cH:25][c:26]5[Cl:27])[n:28][o:29][c:30]4[CH:31]4[CH2:32][CH2:33]4)[CH2:34][CH:35]3[CH3:36])[n:37][c:38]12,[O;D1;H0:3]=[C:2]-[OH;D1;+0:1]>>C-[O;H0;D2;+0:1]-[C:2]=[O;D1;H0:3],[OH;D1;+0:1]>>C-[O;H0;D2;+0:1],O>>CO,,C1CCOC1,CO,[Na+].[OH-],,
6_0,4090082,[CH3:8][c:7]1[cH:9][cH:10][c:11]([CH3:12])[c:5]([NH2:4])[cH:6]1.[CH3:1][C:2](=[O:3])Cl>>[CH3:1][C:2](=[O:3])[NH:4][c:5]1[cH:6][c:7]([CH3:8])[cH:9][cH:10][c:11]1[CH3:12],[C;D1;H3:2]-[C;H0;D3;+0:1](=[O;D1;H0:3])-[NH;D2;+0:4]-[c:5]>>Cl-[C;H0;D3;+0:1](-[C;D1;H3:2])=[O;D1;H0:3].[NH2;D1;+0:4]-[c:5],[C;H0;D3;+0:1]-[NH;D2;+0:2]>>Cl-[C;H0;D3;+0:1].[NH2;D1;+0:2],CN>>CCl.N,,ClCCl,,CCN(CC)CC,,
6_1,351918,[CH3:1][C:2](=[O:3])[NH:4][c:5]1[cH:6][c:7]([CH3:8])[cH:9][cH:14][c:15]1[CH3:16].[O:11]=[S:10](=[O:12])(O)[Cl:13]>>[CH3:1][C:2](=[O:3])[NH:4][c:5]1[cH:6][c:7]([CH3:8])[c:9]([S:10](=[O:11])(=[O:12])[Cl:13])[cH:14][c:15]1[CH3:16],[Cl;D1;H0:2]-[S;H0;D4;+0:1](=[O;D1;H0:3])(=[O;D1;H0:4])-[c;H0;D3;+0:6](:[c:5]):[c:7]>>O-[S;H0;D4;+0:1](-[Cl;D1;H0:2])(=[O;D1;H0:3])=[O;D1;H0:4].[c:5]:[cH;D2;+0:6]:[c:7],[S;H0;D4;+0:1]-[c;H0;D3;+0:2]>>O-[S;H0;D4;+0:1].[cH;D2;+0:2],cS>>OS.c,,,,,,
6_2,63295123,[CH3:15][CH:14]([NH2:13])[CH:16]1[CH2:17][CH2:18][N:19]([C:20](=[O:21])[O:22][C:23]([CH3:24])([CH3:25])[CH3:26])[CH2:27][CH2:28]1.[CH3:1][C:2](=[O:3])[NH:4][c:5]1[cH:6][c:7]([CH3:8])[c:9]([S:10](=[O:11])(=[O:12])Cl)[cH:29][c:30]1[CH3:31]>>[CH3:1][C:2](=[O:3])[NH:4][c:5]1[cH:6][c:7]([CH3:8])[c:9]([S:10](=[O:11])(=[O:12])[NH:13][CH:14]([CH3:15])[CH:16]2[CH2:17][CH2:18][N:19]([C:20](=[O:21])[O:22][C:23]([CH3:24])([CH3:25])[CH3:26])[CH2:27][CH2:28]2)[cH:29][c:30]1[CH3:31],[C:5]-[NH;D2;+0:6]-[S;H0;D4;+0:1](=[O;D1;H0:2])(=[O;D1;H0:3])-[c:4]>>Cl-[S;H0;D4;+0:1](=[O;D1;H0:2])(=[O;D1;H0:3])-[c:4].[C:5]-[NH2;D1;+0:6],[NH;D2;+0:2]-[S;H0;D4;+0:1]>>Cl-[S;H0;D4;+0:1].[NH2;D1;+0:2],NS>>N.SCl,,ClCCl,,CCN(CC)CC,,
6_3,63295124,CC(=O)[NH:28][c:27]1[cH:26][c:24]([CH3:25])[c:4]([S:5](=[O:6])(=[O:7])[NH:8][CH:9]([CH3:10])[CH:11]2[CH2:12][CH2:13][N:14]([C:15](=[O:16])[O:17][C:18]([CH3:19])([CH3:20])[CH3:21])[CH2:22][CH2:23]2)[cH:3][c:2]1[CH3:1]>>[CH3:1][c:2]1[cH:3][c:4]([S:5](=[O:6])(=[O:7])[NH:8][CH:9]([CH3:10])[CH:11]2[CH2:12][CH2:13][N:14]([C:15](=[O:16])[O:17][C:18]([CH3:19])([CH3:20])[CH3:21])[CH2:22][CH2:23]2)[c:24]([CH3:25])[cH:26][c:27]1[NH2:28],[NH2;D1;+0:1]-[c:2]>>C-C(=O)-[NH;D2;+0:1]-[c:2],[NH2;D1;+0:1]>>C-C(=O)-[NH;D2;+0:1],N>>CC(N)=O,,CO,,[Na+].[OH-],,
6_4,63295130,[CH3:37][c:36]1[cH:35][cH:34][cH:33][cH:32][c:31]1[C:29](=[O:30])Cl.[CH3:1][c:2]1[cH:3][c:4]([S:5](=[O:6])(=[O:7])[NH:8][CH:9]([CH3:10])[CH:11]2[CH2:12][CH2:13][N:14]([C:15](=[O:16])[O:17][C:18]([CH3:19])([CH3:20])[CH3:21])[CH2:22][CH2:23]2)[c:24]([CH3:25])[cH:26][c:27]1[NH2:28]>>[CH3:1][c:2]1[cH:3][c:4]([S:5](=[O:6])(=[O:7])[NH:8][CH:9]([CH3:10])[CH:11]2[CH2:12][CH2:13][N:14]([C:15](=[O:16])[O:17][C:18]([CH3:19])([CH3:20])[CH3:21])[CH2:22][CH2:23]2)[c:24]([CH3:25])[cH:26][c:27]1[NH:28][C:29](=[O:30])[c:31]1[cH:32][cH:33][cH:34][cH:35][c:36]1[CH3:37],[O;D1;H0:2]=[C;H0;D3;+0:1](-[c:3])-[NH;D2;+0:4]-[c:5]>>Cl-[C;H0;D3;+0:1](=[O;D1;H0:2])-[c:3].[NH2;D1;+0:4]-[c:5],[C;H0;D3;+0:1]-[NH;D2;+0:2]>>Cl-[C;H0;D3;+0:1].[NH2;D1;+0:2],CN>>CCl.N,CN(C)c1ccncc1,ClC(Cl)Cl,,CCN(CC)CC,,
6_5,63295131,[CH3:1][c:2]1[cH:3][c:4]([S:5](=[O:6])(=[O:7])[NH:8][CH:9]([CH3:10])[CH:11]2[CH2:12][CH2:13][N:14](C(=O)OC(C)(C)C)[CH2:15][CH2:16]2)[c:17]([CH3:18])[cH:19][c:20]1[NH:21][C:22](=[O:23])[c:24]1[cH:25][cH:26][cH:27][cH:28][c:29]1[CH3:30]>>[CH3:1][c:2]1[cH:3][c:4]([S:5](=[O:6])(=[O:7])[NH:8][CH:9]([CH3:10])[CH:11]2[CH2:12][CH2:13][NH:14][CH2:15][CH2:16]2)[c:17]([CH3:18])[cH:19][c:20]1[NH:21][C:22](=[O:23])[c:24]1[cH:25][cH:26][cH:27][cH:28][c:29]1[CH3:30],[C:2]-[NH;D2;+0:1]-[C:3]>>C-C(-C)(-C)-O-C(=O)-[N;H0;D3;+0:1](-[C:2])-[C:3],[NH;D2;+0:1]>>C-C(-C)(-C)-O-C(=O)-[N;H0;D3;+0:1],N>>CC(C)(C)OC(N)=O,,ClCCl,,Cl,,
6_6,63295133,O=CO.[CH3:1][c:2]1[cH:3][c:4]([S:5](=[O:6])(=[O:7])[NH:8][CH:9]([CH3:10])[CH:11]2[CH2:12][CH2:13][NH:14][CH2:16][CH2:17]2)[c:18]([CH3:19])[cH:20][c:21]1[NH:22][C:23](=[O:24])[c:25]1[cH:26][cH:27][cH:28][cH:29][c:30]1[CH3:31].[CH2:15]=O>>[CH3:1][c:2]1[cH:3][c:4]([S:5](=[O:6])(=[O:7])[NH:8][CH:9]([CH3:10])[CH:11]2[CH2:12][CH2:13][N:14]([CH3:15])[CH2:16][CH2:17]2)[c:18]([CH3:19])[cH:20][c:21]1[NH:22][C:23](=[O:24])[c:25]1[cH:26][cH:27][cH:28][cH:29][c:30]1[CH3:31],[C:2]-[N;H0;D3;+0:3](-[C:4])-[CH3;D1;+0:1]>>O=[CH2;D1;+0:1].[C:2]-[NH;D2;+0:3]-[C:4],[CH3;D1;+0:1]-[N;H0;D3;+0:2]>>O=[CH2;D1;+0:1].[NH;D2;+0:2],CN>>C=O.N,,O=CO,,,,
7_0,22986078,[CH3:1][c:2]1[cH:3][cH:4][c:5]([C:6](=O)[OH:7])[c:8]([Cl:9])[n:10]1>>[CH3:1][c:2]1[cH:3][cH:4][c:5]([CH2:6][OH:7])[c:8]([Cl:9])[n:10]1,[#7;a:5]:[c:4]:[c:3]-[CH2;D2;+0:1]-[O;D1;H1:2]>>O=[C;H0;D3;+0:1](-[O;D1;H1:2])-[c:3]:[c:4]:[#7;a:5],[CH2;D2;+0:1]>>O=[C;H0;D3;+0:1],C>>C=O,,C1CCOC1C,,[Na+].[H-][Al+]([H-])(OCCOC)OCCOC,,
7_1,63120659,[CH3:1][c:2]1[cH:3][cH:4][c:5]([CH2:6][OH:7])[c:12]([Cl:13])[n:14]1.[CH3:9][S:8](=[O:10])(=[O:11])Cl>>[CH3:1][c:2]1[cH:3][cH:4][c:5]([CH2:6][O:7][S:8]([CH3:9])(=[O:10])=[O:11])[c:12]([Cl:13])[n:14]1,[C:5]-[O;H0;D2;+0:6]-[S;H0;D4;+0:1](-[C;D1;H3:2])(=[O;D1;H0:3])=[O;D1;H0:4]>>Cl-[S;H0;D4;+0:1](-[C;D1;H3:2])(=[O;D1;H0:3])=[O;D1;H0:4].[C:5]-[OH;D1;+0:6],[O;H0;D2;+0:2]-[S;H0;D4;+0:1]>>Cl-[S;H0;D4;+0:1].[OH;D1;+0:2],OS>>O.SCl,,ClCCl,,CCN(CC)CC,,
7_2,63120624,[CH3:1][c:2]1[cH:3][cH:4][c:5]([CH2:6]OS(C)(=O)=O)[c:8]([Cl:9])[n:10]1>>[CH3:1][c:2]1[cH:3][cH:4][c:5]([CH2:6][I:7])[c:8]([Cl:9])[n:10]1,[#7;a:4]:[c:3]:[c:2]-[CH2;D2;+0:1]>>C-S(=O)(=O)-O-[CH2;D2;+0:1]-[c:2]:[c:3]:[#7;a:4],[CH2;D2;+0:1]>>C-S(=O)(=O)-O-[CH2;D2;+0:1],C>>COS(C)(=O)=O,,CC(C)=O,Cc1ccccc1,[I-].[Na+],,
7_3,59633493,[CH3:1][CH2:2][O:3][C:4](=[O:5])Cl.[CH3:11][CH2:10][O:9][C:7](=[O:8])[CH:6]1[CH2:12][CH2:13][N:14]([CH2:15][c:16]2[cH:17][cH:18][cH:19][cH:20][cH:21]2)[CH2:22]1>>[CH3:1][CH2:2][O:3][C:4](=[O:5])[C:6]1([C:7](=[O:8])[O:9][CH2:10][CH3:11])[CH2:12][CH2:13][N:14]([CH2:15][c:16]2[cH:17][cH:18][cH:19][cH:20][cH:21]2)[CH2:22]1,[#7:4]-[C:5]-[C;H0;D4;+0:6](-[C:7])(-[C:8](-[#8:9])=[O;D1;H0:10])-[C;H0;D3;+0:1](-[#8:2])=[O;D1;H0:3]>>Cl-[C;H0;D3;+0:1](-[#8:2])=[O;D1;H0:3].[#7:4]-[C:5]-[CH;D3;+0:6](-[C:7])-[C:8](-[#8:9])=[O;D1;H0:10],[C;H0;D3;+0:1]-[C;H0;D4;+0:2]>>Cl-[C;H0;D3;+0:1].[CH;D3;+0:2],CC>>C.CCl,,C1CCOC1C,,CC(C)[N-]C(C)C.[Li+],,
7_4,59633526,[CH3:1][CH2:2][O:3][C:4](=[O:5])[C:6]1([C:7](=[O:8])[O:9][CH2:10][CH3:11])[CH2:12][CH2:13][N:14](Cc2ccccc2)[CH2:15]1>>[CH3:1][CH2:2][O:3][C:4](=[O:5])[C:6]1([C:7](=[O:8])[O:9][CH2:10][CH3:11])[CH2:12][CH2:13][NH:14][CH2:15]1,[C:1]-[NH;D2;+0:2]-[C:3]>>[C:1]-[N;H0;D3;+0:2](-[C:3])-C-c1:c:c:c:c:c:1,[NH;D2;+0:1]>>[N;H0;D3;+0:1]-C-c1:c:c:c:c:c:1,N>>NCc1ccccc1,[Pd],CCO,,[H][H],,
7_5,59633365,[CH3:19][C:18]([CH3:20])([CH3:21])[O:17][C:15](=[O:16])OC(=O)OC(C)(C)C.[CH3:1][CH2:2][O:3][C:4](=[O:5])[C:6]1([C:7](=[O:8])[O:9][CH2:10][CH3:11])[CH2:12][CH2:13][NH:14][CH2:22]1>>[CH3:1][CH2:2][O:3][C:4](=[O:5])[C:6]1([C:7](=[O:8])[O:9][CH2:10][CH3:11])[CH2:12][CH2:13][N:14]([C:15](=[O:16])[O:17][C:18]([CH3:19])([CH3:20])[CH3:21])[CH2:22]1,[C:8]-[N;H0;D3;+0:9](-[C:10])-[C;H0;D3;+0:1](=[O;D1;H0:2])-[#8:3]-[C:4](-[C;D1;H3:5])(-[C;D1;H3:6])-[C;D1;H3:7]>>C-C(-C)(-C)-O-C(=O)-O-[C;H0;D3;+0:1](=[O;D1;H0:2])-[#8:3]-[C:4](-[C;D1;H3:5])(-[C;D1;H3:6])-[C;D1;H3:7].[C:8]-[NH;D2;+0:9]-[C:10],[C;H0;D3;+0:1]-[N;H0;D3;+0:2]>>C-O-[C;H0;D3;+0:1].[NH;D2;+0:2],CN>>COC.N,,ClCCl,,CCN(C(C)C)C(C)C,,
7_6,59634093,[CH3:1][CH2:2][O:3][C:4](=[O:5])[C:6]1([C:7](=[O:8])[O:9]CC)[CH2:10][CH2:11][N:12]([C:13](=[O:14])[O:15][C:16]([CH3:17])([CH3:18])[CH3:19])[CH2:20]1>>[CH3:1][CH2:2][O:3][C:4](=[O:5])[C:6]1([C:7](=[O:8])[OH:9])[CH2:10][CH2:11][N:12]([C:13](=[O:14])[O:15][C:16]([CH3:17])([CH3:18])[CH3:19])[CH2:20]1,[O;D1;H0:3]=[C:2]-[OH;D1;+0:1]>>C-C-[O;H0;D2;+0:1]-[C:2]=[O;D1;H0:3],[OH;D1;+0:1]>>C-C-[O;H0;D2;+0:1],O>>CCO,,CO,,[K+].[OH-],,
7_7,57121040,[CH3:1][CH2:2][O:3][C:4](=[O:5])[C:6]1([C:8](=[O:9])O)[CH2:18][CH2:19][N:20]([C:21](=[O:22])[O:23][C:24]([CH3:25])([CH3:26])[CH3:27])[CH2:28]1.[OH:10][CH2:11][c:12]1[cH:13][cH:14][cH:15][cH:16][cH:17]1.CC[N:7](CC)CC>>[CH3:1][CH2:2][O:3][C:4](=[O:5])[C:6]1([NH:7][C:8](=[O:9])[O:10][CH2:11][c:12]2[cH:13][cH:14][cH:15][cH:16][cH:17]2)[CH2:18][CH2:19][N:20]([C:21](=[O:22])[O:23][C:24]([CH3:25])([CH3:26])[CH3:27])[CH2:28]1,[#7:7]-[C:6]-[C;H0;D4;+0:4](-[C:5])(-[NH;D2;+0:1]-[C;H0;D3;+0:2](=[O;D1;H0:3])-[O;H0;D2;+0:12]-[C:11])-[C:8](-[#8:9])=[O;D1;H0:10]>>C-C-[N;H0;D3;+0:1](-C-C)-C-C.O-[C;H0;D3;+0:2](=[O;D1;H0:3])-[C;H0;D4;+0:4](-[C:5])(-[C:6]-[#7:7])-[C:8](-[#8:9])=[O;D1;H0:10].[C:11]-[OH;D1;+0:12],[CH;D3;+0:3]-[NH;D2;+0:1]-[C;H0;D3;+0:2]-[O;H0;D2;+0:4]>>C-C-[N;H0;D3;+0:1](-C-C)-[CH2;D2;+0:2]-C.O-C(=O)-[CH;D3;+0:3].[OH;D1;+0:4],CNCO>>CC(=O)O.CCN(CC)CC.O,,Cc1ccccc1,,[N-]=[N+]=NP(=O)(c1ccccc1)c1ccccc1,,
7_8,59634101,CCO[C:12](=[O:13])[C:11]1([NH:14][C:15](=[O:16])[O:17][CH2:18][c:19]2[cH:20][cH:21][cH:22][cH:23][cH:24]2)[CH2:10][CH2:9][N:8]([C:6](=[O:7])[O:5][C:2]([CH3:1])([CH3:3])[CH3:4])[CH2:25]1>>[CH3:1][C:2]([CH3:3])([CH3:4])[O:5][C:6](=[O:7])[N:8]1[CH2:9][CH2:10][C:11]([CH2:12][OH:13])([NH:14][C:15](=[O:16])[O:17][CH2:18][c:19]2[cH:20][cH:21][cH:22][cH:23][cH:24]2)[CH2:25]1,[C:2]-[CH2;D2;+0:1]-[OH;D1;+0:3]>>C-C-O-[C;H0;D3;+0:1](-[C:2])=[O;H0;D1;+0:3],[CH2;D2;+0:1]-[OH;D1;+0:2]>>C-C-O-[C;H0;D3;+0:1]=[O;H0;D1;+0:2],CO>>CCOC=O,,C1CCOC1,,[BH4-].[Li+],,
7_9,59633514,[CH3:2][c:3]1[cH:4][cH:5][c:6]([CH2:7][I:1])[c:27]([Cl:28])[n:29]1.[cH:18]1[cH:17][cH:16][c:15]([P:8]([c:9]2[cH:10][cH:11][cH:12][cH:13][cH:14]2)[c:21]2[cH:22][cH:23][cH:24][cH:25][cH:26]2)[cH:20][cH:19]1>>[I-:1].[CH3:2][c:3]1[cH:4][cH:5][c:6]([CH2:7][P+:8]([c:9]2[cH:10][cH:11][cH:12][cH:13][cH:14]2)([c:15]2[cH:16][cH:17][cH:18][cH:19][cH:20]2)[c:21]2[cH:22][cH:23][cH:24][cH:25][cH:26]2)[c:27]([Cl:28])[n:29]1,[C:1]-[CH2;D2;+0:2]-[P+;H0;D4:5](-[c:4])(-[c:6])-[c:7]>>[C:1]-[CH2;D2;+0:2]-[I;H0;D1;+0:3].[c:4]-[P;H0;D3;+0:5](-[c:6])-[c:7],[CH2;D2;+0:1]-[P+;H0;D4:3]>>[CH2;D2;+0:1]-[I;H0;D1;+0:2].[P;H0;D3;+0:3],CP>>CI.P,,Cc1ccccc1,,,,
7_10,59634104,[CH3:1][C:2]([CH3:3])([CH3:4])[O:5][C:6](=[O:7])[N:8]1[CH2:9][CH2:10][C:11]([CH2:12][OH:13])([NH:14][C:15](=[O:16])[O:17][CH2:18][c:19]2[cH:20][cH:21][cH:22][cH:23][cH:24]2)[CH2:25]1>>[CH3:1][C:2]([CH3:3])([CH3:4])[O:5][C:6](=[O:7])[N:8]1[CH2:9][CH2:10][C:11]([CH:12]=[O:13])([NH:14][C:15](=[O:16])[O:17][CH2:18][c:19]2[cH:20][cH:21][cH:22][cH:23][cH:24]2)[CH2:25]1,[C:1]-[CH;D2;+0:2]=[O;H0;D1;+0:3]>>[C:1]-[CH2;D2;+0:2]-[OH;D1;+0:3],[CH;D2;+0:1]=[O;H0;D1;+0:2]>>[CH2;D2;+0:1]-[OH;D1;+0:2],C=O>>CO,,ClCCl,,CCN(CC)CC,O=S(=O)=O.c1ccncc1,
7_11,63120484,[I-].[CH3:1][c:2]1[cH:3][cH:4][c:5]([CH2:6][P+](c2ccccc2)(c2ccccc2)c2ccccc2)[c:31]([Cl:32])[n:33]1.[CH3:28][C:26]([CH3:27])([CH3:29])[O:25][C:23](=[O:24])[N:22]1[CH2:21][CH2:20][C:8]([CH:7]=O)([NH:9][C:10](=[O:11])[O:12][CH2:13][c:14]2[cH:15][cH:16][cH:17][cH:18][cH:19]2)[CH2:30]1>>[CH3:1][c:2]1[cH:3][cH:4][c:5]([CH:6]=[CH:7][C:8]2([NH:9][C:10](=[O:11])[O:12][CH2:13][c:14]3[cH:15][cH:16][cH:17][cH:18][cH:19]3)[CH2:20][CH2:21][N:22]([C:23](=[O:24])[O:25][C:26]([CH3:27])([CH3:28])[CH3:29])[CH2:30]2)[c:31]([Cl:32])[n:33]1,[#7;a:3]:[c:4]:[c:5]-[CH;D2;+0:6]=[CH;D2;+0:1]-[C:2]>>O=[CH;D2;+0:1]-[C:2].[#7;a:3]:[c:4]:[c:5]-[CH2;D2;+0:6]-[P+](-c1:c:c:c:c:c:1)(-c1:c:c:c:c:c:1)-c1:c:c:c:c:c:1,[CH;D2;+0:2]=[CH;D2;+0:1]>>O=[CH;D2;+0:1].[CH2;D2;+0:2]-[P+](-c1:c:c:c:c:c:1)(-c1:c:c:c:c:c:1)-c1:c:c:c:c:c:1,C=C>>C=O.C[P+](c1ccccc1)(c1ccccc1)c1ccccc1,,CS(C)=O,,O=C([O-])[O-].[K+].[K+],,
7_12,59633546,[CH3:1][c:2]1[cH:3][cH:4][c:5]([CH:6]=[CH:7][C:8]2([NH:9][C:10](=[O:11])[O:12][CH2:13][c:14]3[cH:15][cH:16][cH:17][cH:18][cH:19]3)[CH2:20][CH2:21][N:22]([C:23](=[O:24])[O:25][C:26]([CH3:27])([CH3:28])[CH3:29])[CH2:30]2)[c:31]([Cl:32])[n:33]1>>[CH3:1][c:2]1[cH:3][cH:4][c:5]([CH2:6][CH2:7][C:8]2([NH:9][C:10](=[O:11])[O:12][CH2:13][c:14]3[cH:15][cH:16][cH:17][cH:18][cH:19]3)[CH2:20][CH2:21][N:22]([C:23](=[O:24])[O:25][C:26]([CH3:27])([CH3:28])[CH3:29])[CH2:30]2)[c:31]([Cl:32])[n:33]1,[#7;a:1]:[c:2]:[c:3]-[CH2;D2;+0:4]-[CH2;D2;+0:5]-[C:6]>>[#7;a:1]:[c:2]:[c:3]-[CH;D2;+0:4]=[CH;D2;+0:5]-[C:6],[CH2;D2;+0:1]-[CH2;D2;+0:2]>>[CH;D2;+0:1]=[CH;D2;+0:2],CC>>C=C,[Rh],CCO,,[H][H],,
7_13,59634123,[CH3:1][c:2]1[cH:3][cH:4][c:5]([CH2:11][CH2:10][C:9]2([NH:8]C(=O)OCc3ccccc3)[CH2:12][CH2:13][N:14]([C:15](=[O:16])[O:17][C:18]([CH3:19])([CH3:20])[CH3:21])[CH2:22]2)[c:6](Cl)[n:7]1>>[CH3:1][c:2]1[cH:3][cH:4][c:5]2[c:6]([n:7]1)[NH:8][C:9]1([CH2:10][CH2:11]2)[CH2:12][CH2:13][N:14]([C:15](=[O:16])[O:17][C:18]([CH3:19])([CH3:20])[CH3:21])[CH2:22]1,[#7;a:2]:[c;H0;D3;+0:1](:[c:3])-[NH;D2;+0:4]-[C:5]>>Cl-[c;H0;D3;+0:1](:[#7;a:2]):[c:3].O=C(-O-C-c1:c:c:c:c:c:1)-[NH;D2;+0:4]-[C:5],[N;H0;D3;+0:3]-[c;H0;D3;+0:1].[NH2;D1;+0:2]>>Br-[c;H0;D3;+0:1].O=C(-[NH;D2;+0:2])-O-C-c1:c:c:c:c:c:1.[NH;D2;+0:3],N.cN>>N.NC(=O)OCc1ccccc1.cBr,O=C(/C=C/c1ccccc1)/C=C/c1ccccc1.O=C(/C=C/c1ccccc1)/C=C/c1ccccc1.O=C(/C=C/c1ccccc1)/C=C/c1ccccc1.[Pd].[Pd],C1COCCO1,,,,
7_14,59634025,[CH3:1][c:2]1[cH:7][cH:6][c:5]2[c:4]([n:3]1)[NH:23][C:11]1([CH2:10][CH2:9]2)[CH2:12][CH2:13][N:14]([C:15](=[O:16])[O:17][C:18]([CH3:19])([CH3:20])[CH3:21])[CH2:22]1.CC1(C)C(=O)N(Br)C(=O)N1[Br:8]>>[CH3:1][c:2]1[n:3][c:4]2[c:5]([cH:6][c:7]1[Br:8])[CH2:9][CH2:10][C:11]1([CH2:12][CH2:13][N:14]([C:15](=[O:16])[O:17][C:18]([CH3:19])([CH3:20])[CH3:21])[CH2:22]1)[NH:23]2,[#7;a:2]:[c:3]:[c;H0;D3;+0:4](-[Br;H0;D1;+0:1]):[c:5]>>Br-N1-C(=O)-N(-[Br;H0;D1;+0:1])-C(-C)(-C)-C-1=O.[#7;a:2]:[c:3]:[cH;D2;+0:4]:[c:5],[Br;H0;D1;+0:1]-[c;H0;D3;+0:2]>>Br-N1-C(=O)-N(-[Br;H0;D1;+0:1])-C(-C)(-C)-C-1=O.[cH;D2;+0:2],cBr>>CC1(C)C(=O)N(Br)C(=O)N1Br.c,,CCOC(C)=O,,,,
7_15,59633499,[CH3:1][c:2]1[n:3][c:4]2[c:5]([cH:6][c:7]1Br)[CH2:16][CH2:17][C:18]1([CH2:19][CH2:20][N:21]([C:22](=[O:23])[O:24][C:25]([CH3:26])([CH3:27])[CH3:28])[CH2:29]1)[NH:30]2.[CH3:13][C:11]1([CH3:12])[CH2:10][O:9][B:8](B2OCC(C)(C)CO2)[O:15][CH2:14]1>>[CH3:1][c:2]1[n:3][c:4]2[c:5]([cH:6][c:7]1[B:8]1[O:9][CH2:10][C:11]([CH3:12])([CH3:13])[CH2:14][O:15]1)[CH2:16][CH2:17][C:18]1([CH2:19][CH2:20][N:21]([C:22](=[O:23])[O:24][C:25]([CH3:26])([CH3:27])[CH3:28])[CH2:29]1)[NH:30]2,[#7;a:4]:[c:3]:[c;H0;D3;+0:1](:[c:2])-[B;H0;D3;+0:5](-[#8:6])-[#8:7]>>Br-[c;H0;D3;+0:1](:[c:2]):[c:3]:[#7;a:4].C-C1(-C)-C-O-B(-[B;H0;D3;+0:5](-[#8:6])-[#8:7])-O-C-1,[B;H0;D3;+0:2]-[c;H0;D3;+0:1]>>Br-[c;H0;D3;+0:1].[B;H0;D3;+0:2]-[B;H0;D3;+0:2],Bc>>BB.cBr,[Cl-].[Cl-].[Fe+2].[Pd+2].c1ccc(P(c2ccccc2)c2ccc[cH-]2)cc1.c1ccc(P(c2ccccc2)c2ccc[cH-]2)cc1,C1COCCO1,,O=C([O-])[O-].[Na+].[Na+],,
7_16,59633325,[CH3:1][c:2]1[n:3][c:4]2[c:5]([cH:6][c:7]1B1OCC(C)(C)CO1)[CH2:14][CH2:15][C:16]1([CH2:17][CH2:18][N:19]([C:20](=[O:21])[O:22][C:23]([CH3:24])([CH3:25])[CH3:26])[CH2:27]1)[NH:28]2.Br[c:8]1[n:9][cH:10][cH:11][cH:12][n:13]1>>[CH3:1][c:2]1[n:3][c:4]2[c:5]([cH:6][c:7]1-[c:8]1[n:9][cH:10][cH:11][cH:12][n:13]1)[CH2:14][CH2:15][C:16]1([CH2:17][CH2:18][N:19]([C:20](=[O:21])[O:22][C:23]([CH3:24])([CH3:25])[CH3:26])[CH2:27]1)[NH:28]2,[#7;a:2]:[c;H0;D3;+0:1](:[#7;a:3])-[c;H0;D3;+0:4](:[c:5]):[c:6]:[#7;a:7]>>Br-[c;H0;D3;+0:1](:[#7;a:2]):[#7;a:3].C-C1(-C)-C-O-B(-[c;H0;D3;+0:4](:[c:5]):[c:6]:[#7;a:7])-O-C-1,[c;H0;D3;+0:2]-[c;H0;D3;+0:1]>>Br-[c;H0;D3;+0:1].C-C1(-C)-C-O-B(-[c;H0;D3;+0:2])-O-C-1,c-c>>cB1OCC(C)(C)CO1.cBr,c1ccc([P](c2ccccc2)(c2ccccc2)[Pd]([P](c2ccccc2)(c2ccccc2)c2ccccc2)([P](c2ccccc2)(c2ccccc2)c2ccccc2)[P](c2ccccc2)(c2ccccc2)c2ccccc2)cc1,C1COCCO1,,O=C([O-])[O-].[Na+].[Na+],,
7_17,59633281,[CH3:1][c:2]1[n:3][c:4]2[c:5]([cH:6][c:7]1-[c:8]1[n:9][cH:10][cH:11][cH:12][n:13]1)[CH2:14][CH2:15][C:16]1([CH2:17][CH2:18][N:19](C(=O)OC(C)(C)C)[CH2:20]1)[NH:21]2>>[CH3:1][c:2]1[n:3][c:4]2[c:5]([cH:6][c:7]1-[c:8]1[n:9][cH:10][cH:11][cH:12][n:13]1)[CH2:14][CH2:15][C:16]1([CH2:17][CH2:18][NH:19][CH2:20]1)[NH:21]2,[C:2]-[NH;D2;+0:1]-[C:3]>>C-C(-C)(-C)-O-C(=O)-[N;H0;D3;+0:1](-[C:2])-[C:3],[NH;D2;+0:1]>>C-C(-C)(-C)-O-C(=O)-[N;H0;D3;+0:1],N>>CC(C)(C)OC(N)=O,,ClCCl,CO,Cl,,
7_18,59633326,[CH3:1][O:2][c:3]1[cH:4][c:5]([CH:6]([CH3:7])[C:8](=[O:9])O)[c:31]([F:32])[cH:33][n:34]1.[CH3:26][c:25]1[n:27][c:28]2[c:16]([cH:17][c:18]1-[c:19]1[n:20][cH:21][cH:22][cH:23][n:24]1)[CH2:15][CH2:14][C:13]1([CH2:12][CH2:11][NH:10][CH2:30]1)[NH:29]2>>[CH3:1][O:2][c:3]1[cH:4][c:5]([CH:6]([CH3:7])[C:8](=[O:9])[N:10]2[CH2:11][CH2:12][C:13]3([CH2:14][CH2:15][c:16]4[cH:17][c:18](-[c:19]5[n:20][cH:21][cH:22][cH:23][n:24]5)[c:25]([CH3:26])[n:27][c:28]4[NH:29]3)[CH2:30]2)[c:31]([F:32])[cH:33][n:34]1,[C:4]-[N;H0;D3;+0:5](-[C:6])-[C;H0;D3;+0:1](-[C:2])=[O;D1;H0:3]>>O-[C;H0;D3;+0:1](-[C:2])=[O;D1;H0:3].[C:4]-[NH;D2;+0:5]-[C:6],[C;H0;D3;+0:1]-[N;H0;D3;+0:2]>>O-[C;H0;D3;+0:1].[NH;D2;+0:2],CN>>CO.N,,C1CCOC1,,CCCP1(=O)OP(=O)(CCC)OP(=O)(CCC)O1,CCN(C(C)C)C(C)C,
9_0,35034612,[CH3:7][c:6]1[cH:5][cH:4][c:3](Br)[n:9][cH:8]1.[K+].[CH2:1]=[CH:2][B-](F)(F)F>>[CH2:1]=[CH:2][c:3]1[cH:4][cH:5][c:6]([CH3:7])[cH:8][n:9]1,[#7;a:2]:[c;H0;D3;+0:1](:[c:3])-[CH;D2;+0:4]=[C;D1;H2:5]>>Br-[c;H0;D3;+0:1](:[#7;a:2]):[c:3].F-[B-](-F)(-F)-[CH;D2;+0:4]=[C;D1;H2:5],[CH;D2;+0:2]-[c;H0;D3;+0:1]>>Br-[c;H0;D3;+0:1].F-[B-](-F)(-F)-[CH;D2;+0:2],Cc>>C[B-](F)(F)F.cBr,Cl[Pd]Cl.[Fe+2].c1ccc(P(c2ccccc2)[c-]2cccc2)cc1.c1ccc(P(c2ccccc2)[c-]2cccc2)cc1,CCO,,,,
9_1,62797454,[CH3:1][CH2:2][O:3][C:4](=[O:5])[CH:6]=[N+]=[N-].[CH2:7]=[CH:8][c:9]1[cH:10][cH:11][c:12]([CH3:13])[cH:14][n:15]1>>[CH3:1][CH2:2][O:3][C:4](=[O:5])[CH:6]1[CH2:7][CH:8]1[c:9]1[cH:10][cH:11][c:12]([CH3:13])[cH:14][n:15]1,[#7;a:1]:[c:2]-[CH;D3;+0:3]1-[CH2;D2;+0:4]-[CH;D3;+0:8]-1-[C:6](-[#8:5])=[O;D1;H0:7]>>[#7;a:1]:[c:2]-[CH;D2;+0:3]=[CH2;D1;+0:4].[#8:5]-[C:6](=[O;D1;H0:7])-[CH;D2;+0:8]=[N+]=[N-],[CH2;D2;+0:1]1-[CH;D3;+0:3]-[CH;D3;+0:2]-1>>[CH2;D1;+0:1]=[CH;D2;+0:2].[CH;D2;+0:3]=[N+]=[N-],C1CC1>>C=C.C=[N+]=[N-],,Cc1ccccc1,,,,
9_2,62797458,CCO[C:9](=[O:10])[CH:8]1[CH2:7][CH:6]1[c:5]1[cH:4][cH:3][c:2]([CH3:1])[cH:12][n:11]1>>[CH3:1][c:2]1[cH:3][cH:4][c:5]([CH:6]2[CH2:7][CH:8]2[CH2:9][OH:10])[n:11][cH:12]1,[C:2]-[CH2;D2;+0:1]-[OH;D1;+0:3]>>C-C-O-[C;H0;D3;+0:1](-[C:2])=[O;H0;D1;+0:3],[CH2;D2;+0:1]-[OH;D1;+0:2]>>C-C-O-[C;H0;D3;+0:1]=[O;H0;D1;+0:2],CO>>CCOC=O,,C1CCOC1,,[Al+3].[H-].[H-].[H-].[H-].[Li+],,
9_3,62797588,[CH3:14][c:13]1[n:12][n:11][c:10]([CH2:9][NH2:8])[s:15]1.[CH3:1][c:2]1[n:3][c:4]([Cl:5])[cH:6][c:7](Cl)[n:16]1>>[CH3:1][c:2]1[n:3][c:4]([Cl:5])[cH:6][c:7]([NH:8][CH2:9][c:10]2[n:11][n:12][c:13]([CH3:14])[s:15]2)[n:16]1,[C:7]-[NH;D2;+0:8]-[c;H0;D3;+0:1]1:[#7;a:2]:[c:3]:[#7;a:4]:[c:5]:[c:6]:1>>Cl-[c;H0;D3;+0:1]1:[#7;a:2]:[c:3]:[#7;a:4]:[c:5]:[c:6]:1.[C:7]-[NH2;D1;+0:8],[NH;D2;+0:2]-[c;H0;D3;+0:1]>>Cl-[c;H0;D3;+0:1].[NH2;D1;+0:2],cN>>N.cCl,,CCO,,CCN(CC)CC,,
9_4,62797514,[CH3:24][c:23]1[n:25][c:11](Cl)[cH:12][c:13]([NH:14][CH2:15][c:16]2[n:17][n:18][c:19]([CH3:20])[s:21]2)[n:22]1.[CH3:1][c:2]1[cH:3][cH:4][c:5]([CH:6]2[CH2:7][CH:8]2[CH2:9][OH:10])[n:26][cH:27]1>>[CH3:1][c:2]1[cH:3][cH:4][c:5]([CH:6]2[CH2:7][CH:8]2[CH2:9][O:10][c:11]2[cH:12][c:13]([NH:14][CH2:15][c:16]3[n:17][n:18][c:19]([CH3:20])[s:21]3)[n:22][c:23]([CH3:24])[n:25]2)[n:26][cH:27]1,[#7;a:5]:[c:4]:[c:3]:[c;H0;D3;+0:1](:[#7;a:2])-[O;H0;D2;+0:7]-[C:6]>>Cl-[c;H0;D3;+0:1](:[#7;a:2]):[c:3]:[c:4]:[#7;a:5].[C:6]-[OH;D1;+0:7],[O;H0;D2;+0:2]-[c;H0;D3;+0:1]>>Cl-[c;H0;D3;+0:1].[OH;D1;+0:2],cO>>O.cCl,,C1CCOC1,,[H-].[Na+],,
11_0,65986967,[CH3:1][O:2][c:3]1[cH:4][cH:5][c:6]([CH:7]=O)[cH:23][cH:24]1.[NH2:8][CH:9]([CH2:13][c:14]1[cH:15][nH:16][c:17]2[cH:18][cH:19][cH:20][cH:21][c:22]12)[C:10](=[O:11])[OH:12]>>[CH3:1][O:2][c:3]1[cH:4][cH:5][c:6]([CH:7]2[NH:8][CH:9]([C:10](=[O:11])[OH:12])[CH2:13][c:14]3[c:15]2[nH:16][c:17]2[cH:18][cH:19][cH:20][cH:21][c:22]32)[cH:23][cH:24]1,[#7;a:3]:[c;H0;D3;+0:4](:[c:5])-[CH;D3;+0:1](-[c:2])-[NH;D2;+0:6]-[C:7]-[C:8](=[O;D1;H0:9])-[O;D1;H1:10]>>O=[CH;D2;+0:1]-[c:2].[#7;a:3]:[cH;D2;+0:4]:[c:5].[NH2;D1;+0:6]-[C:7]-[C:8](=[O;D1;H0:9])-[O;D1;H1:10],[NH;D2;+0:2]-[CH;D3;+0:1]-[c;H0;D3;+0:3]>>O=[CH;D2;+0:1].[NH2;D1;+0:2].[cH;D2;+0:3],cCN>>C=O.N.c,,,,CC(=O)O,,
11_1,45394169,[CH3:1][OH:2].[CH3:22][O:21][c:20]1[cH:19][cH:18][c:17]([CH:16]2[NH:25][CH:5]([C:3](=[O:4])O)[CH2:6][c:7]3[c:8]2[nH:9][c:10]2[cH:11][cH:12][cH:13][cH:14][c:15]32)[cH:24][cH:23]1>>[CH3:1][O:2][C:3](=[O:4])[CH:5]1[CH2:6][c:7]2[c:8]([nH:9][c:10]3[cH:11][cH:12][cH:13][cH:14][c:15]23)[CH:16]([c:17]2[cH:18][cH:19][c:20]([O:21][CH3:22])[cH:23][cH:24]2)[NH:25]1,[CH3;D1;+0:1]-[O;H0;D2;+0:4]-[C:3]=[O;D1;H0:2]>>O-[CH3;D1;+0:1].[O;D1;H0:2]=[C:3]-[OH;D1;+0:4],[CH3;D1;+0:1]-[O;H0;D2;+0:2]>>O-[CH3;D1;+0:1].[OH;D1;+0:2],CO>>CO.O,,,,O=S(Cl)Cl,,
11_2,2729754,[CH3:1][O:2][C:3](=[O:4])[CH:5]1[CH2:6][c:7]2[c:8]([nH:9][c:10]3[cH:11][cH:12][cH:13][cH:14][c:15]23)[CH:16]([c:17]2[cH:18][cH:19][c:20]([O:21][CH3:22])[cH:23][cH:24]2)[NH:25]1>>[CH3:1][O:2][C:3](=[O:4])[c:5]1[cH:6][c:7]2[c:8]([nH:9][c:10]3[cH:11][cH:12][cH:13][cH:14][c:15]23)[c:16](-[c:17]2[cH:18][cH:19][c:20]([O:21][CH3:22])[cH:23][cH:24]2)[n:25]1,[#7;a:1]:[c:2]1:[c:3]:[cH;D2;+0:4]:[c;H0;D3;+0:5](-[C:6](-[#8:7])=[O;D1;H0:8]):[n;H0;D2;+0:9]:[c;H0;D3;+0:10]:1-[c;H0;D3;+0:11](:[c:12]):[c:13]>>[#7;a:1]:[c:2]1:[c:3]-[CH2;D2;+0:4]-[CH;D3;+0:5](-[C:6](-[#8:7])=[O;D1;H0:8])-[NH;D2;+0:9]-[CH;D3;+0:10]-1-[c;H0;D3;+0:11](:[c:12]):[c:13],[c;H0;D3;+0:5]-[c;H0;D3;+0:4]:[n;H0;D2;+0:3]:[c;H0;D3;+0:2]:[cH;D2;+0:1]>>[CH2;D2;+0:1]-[CH;D3;+0:2]-[NH;D2;+0:3]-[CH;D3;+0:4]-[c;H0;D3;+0:5],c-c1ccncc1>>cC1C=CNC=C1,,C1COCCO1,,O=[Cr](=O)([O-])Cl.c1cc[nH+]cc1,O,
11_3,28172530,CO[C:10](=[O:11])[c:9]1[cH:14][c:15]2[c:16]([nH:17][c:18]3[cH:19][cH:20][cH:21][cH:22][c:23]23)[c:7](-[c:6]2[cH:5][cH:4][c:3]([O:2][CH3:1])[cH:25][cH:24]2)[n:8]1.[NH2:12][NH2:13].O>>[CH3:1][O:2][c:3]1[cH:4][cH:5][c:6](-[c:7]2[n:8][c:9]([C:10](=[O:11])[NH:12][NH2:13])[cH:14][c:15]3[c:16]2[nH:17][c:18]2[cH:19][cH:20][cH:21][cH:22][c:23]32)[cH:24][cH:25]1,[#7;a:4]:[c:3]-[C;H0;D3;+0:1](=[O;D1;H0:2])-[NH;D2;+0:6]-[N;D1;H2:5]>>C-O-[C;H0;D3;+0:1](=[O;D1;H0:2])-[c:3]:[#7;a:4].[N;D1;H2:5]-[NH2;D1;+0:6],[C;H0;D3;+0:1]-[NH;D2;+0:2]>>C-O-[C;H0;D3;+0:1].[NH2;D1;+0:2],CN>>COC.N,,CCO,,NN.O,,
11_4,41517358,[CH3:1][O:2][c:3]1[cH:4][cH:5][c:6](-[c:7]2[n:8][c:9]([C:10](=[O:11])[NH:12][NH2:13])[cH:15][c:16]3[c:17]2[nH:14][c:19]2[cH:20][cH:21][cH:22][cH:23][c:24]32)[cH:25][cH:26]1>>[CH3:1][O:2][c:3]1[cH:4][cH:5][c:6](-[c:7]2[n:8][c:9]([C:10](=[O:11])[N:12]=[N+:13]=[N-:14])[cH:15][c:16]3[c:17]2[nH:18][c:19]2[cH:20][cH:21][cH:22][cH:23][c:24]32)[cH:25][cH:26]1,[#7;a:1]:[c:2]:[c;H0;D3;+0:3]:[c:4]:[c:5]:[c;H0;D3;+0:6]:[c:7].[N-;H0;D1:8]=[N+;H0;D2:9]=[N;H0;D2;+0:10]-[C:11]=[O;D1;H0:12]>>[#7;a:1]:[c:2]:[c;H0;D3;+0:3]1:[c:4]:[c:5]:[c;H0;D3;+0:6](:[c:7]):[nH;D2;+0:8]:1.[NH2;D1;+0:9]-[NH;D2;+0:10]-[C:11]=[O;D1;H0:12],[N-;H0;D1:1]=[N+;H0;D2:2]=[N;H0;D2;+0:3]>>O=[N;H0;D2;+0:1]-[O-].[NH2;D1;+0:2]-[NH;D2;+0:3],N=N=N>>NN.O=N[O-],,O,,Cl,O=N[O-].[Na+],
11_5,45394203,[CH3:1][O:2][c:3]1[cH:4][cH:5][c:6](-[c:7]2[n:8][c:9](C(=O)[N:10]=[N+]=[N-])[cH:11][c:12]3[c:13]2[nH:14][c:15]2[cH:16][cH:17][cH:18][cH:19][c:20]32)[cH:21][cH:22]1>>[CH3:1][O:2][c:3]1[cH:4][cH:5][c:6](-[c:7]2[n:8][c:9]([NH2:10])[cH:11][c:12]3[c:13]2[nH:14][c:15]2[cH:16][cH:17][cH:18][cH:19][c:20]32)[cH:21][cH:22]1,[#7;a:3]:[c;H0;D3;+0:2](-[NH2;D1;+0:1]):[c:4]>>O=C(-[N;H0;D2;+0:1]=[N+]=[N-])-[c;H0;D3;+0:2](:[#7;a:3]):[c:4],[NH2;D1;+0:2]-[c;H0;D3;+0:1]>>O=C(-[c;H0;D3;+0:1])-[N;H0;D2;+0:2]=[N+]=[N-],cN>>cC(=O)N=[N+]=[N-],,O,,CC(=O)O,,
11_6,65986834,[O:12]=[C:11](Cl)[c:13]1[cH:14][cH:15][c:16]([CH2:17][Cl:18])[cH:19][cH:20]1.[CH3:1][O:2][c:3]1[cH:4][cH:5][c:6](-[c:7]2[n:8][c:9]([NH2:10])[cH:21][c:22]3[c:23]2[nH:24][c:25]2[cH:26][cH:27][cH:28][cH:29][c:30]32)[cH:31][cH:32]1>>[CH3:1][O:2][c:3]1[cH:4][cH:5][c:6](-[c:7]2[n:8][c:9]([NH:10][C:11](=[O:12])[c:13]3[cH:14][cH:15][c:16]([CH2:17][Cl:18])[cH:19][cH:20]3)[cH:21][c:22]3[c:23]2[nH:24][c:25]2[cH:26][cH:27][cH:28][cH:29][c:30]32)[cH:31][cH:32]1,[#7;a:4]:[c:5]-[NH;D2;+0:6]-[C;H0;D3;+0:1](=[O;D1;H0:2])-[c:3]>>Cl-[C;H0;D3;+0:1](=[O;D1;H0:2])-[c:3].[#7;a:4]:[c:5]-[NH2;D1;+0:6],[C;H0;D3;+0:1]-[NH;D2;+0:2]>>Cl-[C;H0;D3;+0:1].[NH2;D1;+0:2],CN>>CCl.N,,Cc1ccccc1,,CCN(CC)CC,,
11_7,45394235,[OH:22][CH:21]1[CH2:20][CH2:19][NH:18][CH2:24][CH2:23]1.[CH3:1][O:2][c:3]1[cH:4][cH:5][c:6](-[c:7]2[n:8][c:9]([NH:10][C:11](=[O:12])[c:13]3[cH:14][cH:15][c:16]([CH2:17]Cl)[cH:25][cH:26]3)[cH:27][c:28]3[c:29]2[nH:30][c:31]2[cH:32][cH:33][cH:34][cH:35][c:36]32)[cH:37][cH:38]1>>[CH3:1][O:2][c:3]1[cH:4][cH:5][c:6](-[c:7]2[n:8][c:9]([NH:10][C:11](=[O:12])[c:13]3[cH:14][cH:15][c:16]([CH2:17][N:18]4[CH2:19][CH2:20][CH:21]([OH:22])[CH2:23][CH2:24]4)[cH:25][cH:26]3)[cH:27][c:28]3[c:29]2[nH:30][c:31]2[cH:32][cH:33][cH:34][cH:35][c:36]32)[cH:37][cH:38]1,[C:3]-[N;H0;D3;+0:4](-[C:5])-[CH2;D2;+0:1]-[c:2]>>Cl-[CH2;D2;+0:1]-[c:2].[C:3]-[NH;D2;+0:4]-[C:5],[CH2;D2;+0:1]-[N;H0;D3;+0:2]>>Cl-[CH2;D2;+0:1].[NH;D2;+0:2],CN>>CCl.N,,CN(C)C=O,,O=C([O-])[O-].[K+].[K+],[I-].[K+],
12_0,39026528,[CH3:1][O:2][C:3](=[O:4])[c:5]1[cH:6][nH:7][c:9]2[cH:10][cH:11][c:12]([Br:13])[cH:14][c:15]12.[CH3:8]I>>[CH3:1][O:2][C:3](=[O:4])[c:5]1[cH:6][n:7]([CH3:8])[c:9]2[cH:10][cH:11][c:12]([Br:13])[cH:14][c:15]12,[CH3;D1;+0:1]-[n;H0;D3;+0:3](:[c:2]):[c:4]>>I-[CH3;D1;+0:1].[c:2]:[nH;D2;+0:3]:[c:4],[CH3;D1;+0:1]-[n;H0;D3;+0:2]>>I-[CH3;D1;+0:1].[nH;D2;+0:2],Cn>>CI.n,,CN(C)C=O,,O=C([O-])[O-].[Cs+].[Cs+],O,
12_1,39026625,C[O:7][C:5](=[O:6])[c:4]1[cH:3][n:2]([CH3:1])[c:14]2[cH:13][cH:12][c:10]([Br:11])[cH:9][c:8]12>>[CH3:1][n:2]1[cH:3][c:4]([C:5](=[O:6])[OH:7])[c:8]2[cH:9][c:10]([Br:11])[cH:12][cH:13][c:14]12,[O;D1;H0:3]=[C:2]-[OH;D1;+0:1]>>C-[O;H0;D2;+0:1]-[C:2]=[O;D1;H0:3],[OH;D1;+0:1]>>C-[O;H0;D2;+0:1],O>>CO,,C1CCOC1,,CO,[Li+].[OH-],
12_2,59729697,[CH3:9][n:8]1[cH:7][c:6]([C:4](=[O:5])O)[c:16]2[cH:15][c:13]([Br:14])[cH:12][cH:11][c:10]12.[CH3:1][CH:2]([NH2:3])[c:17]1[cH:18][cH:19][cH:20][c:21]([F:22])[cH:23]1>>[CH3:1][CH:2]([NH:3][C:4](=[O:5])[c:6]1[cH:7][n:8]([CH3:9])[c:10]2[cH:11][cH:12][c:13]([Br:14])[cH:15][c:16]12)[c:17]1[cH:18][cH:19][cH:20][c:21]([F:22])[cH:23]1,[#7;a:5]:[c:4]:[c:3]-[C;H0;D3;+0:1](=[O;D1;H0:2])-[NH;D2;+0:7]-[C:6]>>O-[C;H0;D3;+0:1](=[O;D1;H0:2])-[c:3]:[c:4]:[#7;a:5].[C:6]-[NH2;D1;+0:7],[C;H0;D3;+0:1]-[NH;D2;+0:2]>>O-[C;H0;D3;+0:1].[NH2;D1;+0:2],CN>>CO.N,,CN(C)C=O,,CN(C)C(On1nnc2cccnc21)=[N+](C)C.F[P-](F)(F)(F)(F)F,CCN(C(C)C)C(C)C,
12_3,59729700,[CH3:1][CH:2]([NH:3][C:4](=[O:5])[c:6]1[cH:7][n:8]([CH3:9])[c:10]2[cH:11][cH:12][c:13](Br)[cH:23][c:24]12)[c:25]1[cH:26][cH:27][cH:28][c:29]([F:30])[cH:31]1.[CH3:17][C:16]1([CH3:18])[O:15][B:14](B2OC(C)(C)C(C)(C)O2)[O:22][C:19]1([CH3:20])[CH3:21]>>[CH3:1][CH:2]([NH:3][C:4](=[O:5])[c:6]1[cH:7][n:8]([CH3:9])[c:10]2[cH:11][cH:12][c:13]([B:14]3[O:15][C:16]([CH3:17])([CH3:18])[C:19]([CH3:20])([CH3:21])[O:22]3)[cH:23][c:24]12)[c:25]1[cH:26][cH:27][cH:28][c:29]([F:30])[cH:31]1,[#8:5]-[B;H0;D3;+0:4](-[#8:6])-[c;H0;D3;+0:1](:[c:2]):[c:3]>>Br-[c;H0;D3;+0:1](:[c:2]):[c:3].C-C1(-C)-O-B(-[B;H0;D3;+0:4](-[#8:5])-[#8:6])-O-C-1(-C)-C,[B;H0;D3;+0:2]-[c;H0;D3;+0:1]>>Br-[c;H0;D3;+0:1].C-C1(-C)-O-B(-[B;H0;D3;+0:2])-O-C-1(-C)-C,Bc>>BB1OC(C)(C)C(C)(C)O1.cBr,ClC(Cl)Cl.O=C(/C=C/c1ccccc1)/C=C/c1ccccc1.O=C(/C=C/c1ccccc1)/C=C/c1ccccc1.O=C(/C=C/c1ccccc1)/C=C/c1ccccc1.[Pd].[Pd],C1COCCO1,,,,
12_4,31707704,[NH2:3][c:4]1[n:5][nH:6][c:7]2[cH:8][c:9]([Br:10])[cH:11][cH:12][c:13]12.[O:1]=[C:2](Cl)[CH:14]1[CH2:15][CH2:16]1>>[O:1]=[C:2]([NH:3][c:4]1[n:5][nH:6][c:7]2[cH:8][c:9]([Br:10])[cH:11][cH:12][c:13]12)[CH:14]1[CH2:15][CH2:16]1,[#7;a:4]:[#7;a:5]:[c:6]-[NH;D2;+0:7]-[C;H0;D3;+0:1](-[C:2])=[O;D1;H0:3]>>Cl-[C;H0;D3;+0:1](-[C:2])=[O;D1;H0:3].[#7;a:4]:[#7;a:5]:[c:6]-[NH2;D1;+0:7],[C;H0;D3;+0:1]-[NH;D2;+0:2]>>Cl-[C;H0;D3;+0:1].[NH2;D1;+0:2],CN>>CCl.N,,,,c1ccncc1,,
12_5,66046321,[O:21]=[C:20]([NH:19][c:18]1[n:25][nH:26][c:27]2[cH:28][c:14](Br)[cH:15][cH:16][c:17]12)[CH:22]1[CH2:23][CH2:24]1.[CH3:1][CH:2]([NH:3][C:4](=[O:5])[c:6]1[cH:7][n:8]([CH3:9])[c:10]2[cH:11][cH:12][c:13](B3OC(C)(C)C(C)(C)O3)[cH:29][c:30]12)[c:31]1[cH:32][cH:33][cH:34][c:35]([F:36])[cH:37]1>>[CH3:1][CH:2]([NH:3][C:4](=[O:5])[c:6]1[cH:7][n:8]([CH3:9])[c:10]2[cH:11][cH:12][c:13](-[c:14]3[cH:15][cH:16][c:17]4[c:18]([NH:19][C:20](=[O:21])[CH:22]5[CH2:23][CH2:24]5)[n:25][nH:26][c:27]4[cH:28]3)[cH:29][c:30]12)[c:31]1[cH:32][cH:33][cH:34][c:35]([F:36])[cH:37]1,[#7;a:5]:[c:4]:[c:3]:[c;H0;D3;+0:1](:[c:2])-[c;H0;D3;+0:6](:[c:7]):[c:8]>>Br-[c;H0;D3;+0:1](:[c:2]):[c:3]:[c:4]:[#7;a:5].C-C1(-C)-O-B(-[c;H0;D3;+0:6](:[c:7]):[c:8])-O-C-1(-C)-C,[c;H0;D3;+0:2]-[c;H0;D3;+0:1]>>Br-[c;H0;D3;+0:1].C-C1(-C)-O-B(-[c;H0;D3;+0:2])-O-C-1(-C)-C,c-c>>cB1OC(C)(C)C(C)(C)O1.cBr,Cl[Pd]Cl.[Fe+2].c1ccc(P(c2ccccc2)[c-]2cccc2)cc1.c1ccc(P(c2ccccc2)[c-]2cccc2)cc1,C1COCCO1,O,O=C([O-])[O-].[Cs+].[Cs+],,
13_0,58607566,[CH3:1][c:2]1[cH:3][c:4]([Br:5])[c:6](N)[n:8][c:9]1[CH3:10]>>[CH3:1][c:2]1[cH:3][c:4]([Br:5])[c:6]([OH:7])[n:8][c:9]1[CH3:10],[#7;a:2]:[c;H0;D3;+0:1]:[c:3]>>N-[c;H0;D3;+0:1](:[#7;a:2]):[c:3],[c;H0;D3;+0:1]>>N-[c;H0;D3;+0:1],c>>cN,,O,,O=S(=O)(O)O,O=N[O-].[Na+],
13_1,58607971,[CH3:1][c:2]1[cH:3][c:4]([Br:5])[c:6](O)[n:8][c:9]1[CH3:10].O=P(Br)(Br)[Br:7]>>[CH3:1][c:2]1[cH:3][c:4]([Br:5])[c:6]([Br:7])[n:8][c:9]1[CH3:10],[#7;a:3]:[c;H0;D3;+0:2](-[Br;H0;D1;+0:1]):[c:4]>>Br-P(-Br)(=O)-[Br;H0;D1;+0:1].O-[c;H0;D3;+0:2](:[#7;a:3]):[c:4],[Br;H0;D1;+0:1]-[c;H0;D3;+0:2]>>Br-P(-Br)(=O)-[Br;H0;D1;+0:1].O-[c;H0;D3;+0:2],cBr>>O=P(Br)(Br)Br.cO,,CN(C)C=O,,,,
13_2,58606983,[CH3:1][O:2][c:3]1[cH:4][cH:5][c:6]([CH3:7])[c:8]([NH2:9])[c:19]1[CH3:20].[CH3:15][c:14]1[cH:16][c:17]([Br:18])[c:10](Br)[n:11][c:12]1[CH3:13].CC1(C)C2=C(C(P(C3=CC=CC=C3)C3=CC=CC=C3)=CC=C2)OC2=C1C=CC=C2P(C1=CC=CC=C1)C1=CC=CC=C1>>[CH3:1][O:2][c:3]1[cH:4][cH:5][c:6]([CH3:7])[c:8]([NH:9][c:10]2[n:11][c:12]([CH3:13])[c:14]([CH3:15])[cH:16][c:17]2[Br:18])[c:19]1[CH3:20],[#7;a:2]:[c;H0;D3;+0:1](:[c:3])-[NH;D2;+0:4]-[c:5]>>Br-[c;H0;D3;+0:1](:[#7;a:2]):[c:3].[NH2;D1;+0:4]-[c:5],[NH;D2;+0:2]-[c;H0;D3;+0:1]>>Br-[c;H0;D3;+0:1].[NH2;D1;+0:2],cN>>N.cBr,O=C(/C=C/c1ccccc1)/C=C/c1ccccc1.O=C(/C=C/c1ccccc1)/C=C/c1ccccc1.O=C(/C=C/c1ccccc1)/C=C/c1ccccc1.[Pd].[Pd],Cc1ccccc1,,,,
13_3,58606985,[CH3:1][O:2][c:3]1[cH:4][cH:5][c:6]([CH3:7])[c:8]([NH:9][c:22]2[n:21][c:19]([CH3:20])[c:17]([CH3:18])[cH:16][c:15]2Br)[c:23]1[CH3:24].[N:14]#[C:13][CH2:12][C:10]#[N:11]>>[CH3:1][O:2][c:3]1[cH:4][cH:5][c:6]([CH3:7])[c:8](-[n:9]2[c:10]([NH2:11])[c:12]([C:13]#[N:14])[c:15]3[cH:16][c:17]([CH3:18])[c:19]([CH3:20])[n:21][c:22]23)[c:23]1[CH3:24],[#7;a:4]:[c:3]1:[c;H0;D3;+0:1](:[c:2]):[c;H0;D3;+0:11](-[C:10]#[N;D1;H0:9]):[c;H0;D3;+0:12](-[NH2;D1;+0:13]):[n;H0;D3;+0:5]:1-[c;H0;D3;+0:6](:[c:7]):[c:8]>>Br-[c;H0;D3;+0:1](:[c:2]):[c:3](:[#7;a:4])-[NH;D2;+0:5]-[c;H0;D3;+0:6](:[c:7]):[c:8].[N;D1;H0:9]#[C:10]-[CH2;D2;+0:11]-[C;H0;D2;+0:12]#[N;H0;D1;+0:13],[NH2;D1;+0:6]-[c;H0;D3;+0:5](:[c;H0;D3;+0:4]:[c;H0;D3;+0:1]):[n;H0;D3;+0:2]-[c;H0;D3;+0:3]>>Br-[c;H0;D3;+0:1].[NH;D2;+0:2]-[c;H0;D3;+0:3].[CH2;D2;+0:4]-[C;H0;D2;+0:5]#[N;H0;D1;+0:6],ccc(N)n-c>>CC#N.cBr.cN,c1ccc([P](c2ccccc2)(c2ccccc2)[Pd]([P](c2ccccc2)(c2ccccc2)c2ccccc2)([P](c2ccccc2)(c2ccccc2)c2ccccc2)[P](c2ccccc2)(c2ccccc2)c2ccccc2)cc1,COCCOC,,[H-].[Na+],,
13_4,58606986,C[O:8][c:17]1[cH:16][cH:15][c:13]([CH3:14])[c:12](-[n:11]2[c:9]([NH2:10])[c:5]([C:6]#[N:7])[c:4]3[cH:3][c:2]([CH3:1])[c:23]([CH3:24])[n:22][c:21]23)[c:19]1[CH3:20]>>[CH3:1][c:2]1[cH:3][c:4]2[c:5]([C:6]([NH2:7])=[O:8])[c:9]([NH2:10])[n:11](-[c:12]3[c:13]([CH3:14])[cH:15][cH:16][c:17]([OH:18])[c:19]3[CH3:20])[c:21]2[n:22][c:23]1[CH3:24],[#7;a:5]:[c:6]:[c:7]-[C;H0;D3;+0:8](-[NH2;D1;+0:9])=[O;H0;D1;+0:1].[c:3]:[c;H0;D3;+0:2]:[c:4]>>C-[O;H0;D2;+0:1]-[c;H0;D3;+0:2](:[c:3]):[c:4].[#7;a:5]:[c:6]:[c:7]-[C;H0;D2;+0:8]#[N;H0;D1;+0:9],[NH;D1;+0:2]=[C;H0;D3;+0:1]-[O;H0;D2;+0:3]>>[C;H0;D2;+0:1]#[N;H0;D1;+0:2].[OH;D1;+0:3],N=CO>>C#N.O,,C1CCOC1,,CS(=O)(=O)O,O=S(=O)(O)O,
14_0,1583395,[CH3:1][OH:2].[CH3:8][CH:7]([CH2:6][CH2:5][C:3](=[O:4])O)[CH:9]1[CH2:10][CH2:11][CH:12]2[CH:13]3[CH2:14][CH:15]([OH:16])[CH:17]4[CH2:18][CH:19]([OH:20])[CH2:21][CH2:22][C:23]4([CH3:24])[CH:25]3[CH2:26][CH2:27][C:28]12[CH3:29]>>[CH3:1][O:2][C:3](=[O:4])[CH2:5][CH2:6][CH:7]([CH3:8])[CH:9]1[CH2:10][CH2:11][CH:12]2[CH:13]3[CH2:14][CH:15]([OH:16])[CH:17]4[CH2:18][CH:19]([OH:20])[CH2:21][CH2:22][C:23]4([CH3:24])[CH:25]3[CH2:26][CH2:27][C:28]12[CH3:29],[CH3;D1;+0:1]-[O;H0;D2;+0:4]-[C:3]=[O;D1;H0:2]>>O-[CH3;D1;+0:1].[O;D1;H0:2]=[C:3]-[OH;D1;+0:4],[CH3;D1;+0:1]-[O;H0;D2;+0:2]>>O-[CH3;D1;+0:1].[OH;D1;+0:2],CO>>CO.O,,,,O=S(Cl)Cl,,
14_1,733563,[CH3:1][O:2][C:3](=[O:4])[CH2:5][CH2:6][CH:7]([CH3:8])[CH:9]1[CH2:10][CH2:11][CH:12]2[CH:13]3[CH2:14][CH:15]([OH:16])[CH:17]4[CH2:18][CH:19]([OH:20])[CH2:31][CH2:32][C:33]4([CH3:34])[CH:35]3[CH2:36][CH2:37][C:38]12[CH3:39].[CH3:28][c:27]1[cH:26][cH:25][c:24]([S:21](=[O:22])(=[O:23])Cl)[cH:30][cH:29]1>>[CH3:1][O:2][C:3](=[O:4])[CH2:5][CH2:6][CH:7]([CH3:8])[CH:9]1[CH2:10][CH2:11][CH:12]2[CH:13]3[CH2:14][CH:15]([OH:16])[CH:17]4[CH2:18][CH:19]([O:20][S:21](=[O:22])(=[O:23])[c:24]5[cH:25][cH:26][c:27]([CH3:28])[cH:29][cH:30]5)[CH2:31][CH2:32][C:33]4([CH3:34])[CH:35]3[CH2:36][CH2:37][C:38]12[CH3:39],[C:5]-[O;H0;D2;+0:6]-[S;H0;D4;+0:1](=[O;D1;H0:2])(=[O;D1;H0:3])-[c:4]>>Cl-[S;H0;D4;+0:1](=[O;D1;H0:2])(=[O;D1;H0:3])-[c:4].[C:5]-[OH;D1;+0:6],[O;H0;D2;+0:2]-[S;H0;D4;+0:1]>>Cl-[S;H0;D4;+0:1].[OH;D1;+0:2],OS>>O.SCl,,,,c1ccncc1,,
14_2,10123081,[CH3:1][O:2][C:3](=[O:4])[CH2:5][CH2:6][CH:7]([CH3:8])[CH:9]1[CH2:10][CH2:11][CH:12]2[CH:13]3[CH2:14][CH:15](OS(=O)(=O)c4ccc(C)cc4)[CH:16]4[CH2:17][CH:18]([O:19]S(=O)(=O)c5ccc(C)cc5)[CH2:20][CH2:21][C:22]4([CH3:23])[CH:24]3[CH2:25][CH2:26][C:27]12[CH3:28]>>[CH3:1][O:2][C:3](=[O:4])[CH2:5][CH2:6][CH:7]([CH3:8])[CH:9]1[CH2:10][CH2:11][CH:12]2[CH:13]3[CH2:14][CH:15]=[C:16]4[CH2:17][CH:18]([OH:19])[CH2:20][CH2:21][C:22]4([CH3:23])[CH:24]3[CH2:25][CH2:26][C:27]12[CH3:28],[C:2]-[CH;D2;+0:1]=[C;H0;D3;+0:3](-[C:4])-[C:5]-[C:6]-[OH;D1;+0:7]>>C-c1:c:c:c(-S(=O)(=O)-O-[CH;D3;+0:1](-[C:2])-[CH;D3;+0:3](-[C:4])-[C:5]-[C:6]-[O;H0;D2;+0:7]-S(=O)(=O)-c2:c:c:c(-C):c:c:2):c:c:1,[C;H0;D3;+0:2]=[CH;D2;+0:1].[OH;D1;+0:3]>>C-c1:c:c:c(-S(=O)(=O)-O-[CH;D3;+0:1]-[CH;D3;+0:2]):c:c:1.C-c1:c:c:c(-S(=O)(=O)-[O;H0;D2;+0:3]):c:c:1,O>>Cc1ccc(S(=O)(=O)O)cc1,,CCO,CN(C)C=O,CC(=O)[O-].[K+],,
14_3,38635778,[CH3:1][O:2][C:3](=[O:4])[CH2:5][CH2:6][CH:7]([CH3:8])[CH:9]1[CH2:10][CH2:11][CH:12]2[CH:13]3[CH2:14][CH:15]=[C:16]4[CH2:17][CH:18]([OH:19])[CH2:20][CH2:21][C:22]4([CH3:23])[CH:24]3[CH2:25][CH2:26][C:27]12[CH3:28]>>[CH3:1][O:2][C:3](=[O:4])[CH2:5][CH2:6][CH:7]([CH3:8])[CH:9]1[CH2:10][CH2:11][CH:12]2[CH:13]3[CH2:14][CH:15]=[C:16]4[CH2:17][C:18](=[O:19])[CH2:20][CH2:21][C:22]4([CH3:23])[CH:24]3[CH2:25][CH2:26][C:27]12[CH3:28],[C:1]-[C;H0;D3;+0:2](-[C:3])=[O;H0;D1;+0:4]>>[C:1]-[CH;D3;+0:2](-[C:3])-[OH;D1;+0:4],[C;H0;D3;+0:1]=[O;H0;D1;+0:2]>>[CH;D3;+0:1]-[OH;D1;+0:2],C=O>>CO,,ClCCl,,CC(=O)OI1(OC(C)=O)(OC(C)=O)OC(=O)c2ccccc21,,
14_4,38636280,[CH3:19][Mg]Br.[CH3:1][O:2][C:3](=[O:4])[CH2:5][CH2:6][CH:7]([CH3:8])[CH:9]1[CH2:10][CH2:11][CH:12]2[CH:13]3[CH2:14][CH:15]=[C:16]4[CH2:17][C:18](=[O:20])[CH2:21][CH2:22][C:23]4([CH3:24])[CH:25]3[CH2:26][CH2:27][C:28]12[CH3:29]>>[CH3:1][O:2][C:3](=[O:4])[CH2:5][CH2:6][CH:7]([CH3:8])[CH:9]1[CH2:10][CH2:11][CH:12]2[CH:13]3[CH2:14][CH:15]=[C:16]4[CH2:17][C:18]([CH3:19])([OH:20])[CH2:21][CH2:22][C:23]4([CH3:24])[CH:25]3[CH2:26][CH2:27][C:28]12[CH3:29],[C:2]=[C:3]-[C:4]-[C;H0;D4;+0:5](-[C:6])(-[CH3;D1;+0:1])-[OH;D1;+0:7]>>Br-[Mg]-[CH3;D1;+0:1].[C:2]=[C:3]-[C:4]-[C;H0;D3;+0:5](-[C:6])=[O;H0;D1;+0:7],[CH3;D1;+0:1]-[C;H0;D4;+0:2]-[OH;D1;+0:3]>>Br-[Mg]-[CH3;D1;+0:1].[C;H0;D3;+0:2]=[O;H0;D1;+0:3],CCO>>C=O.C[Mg]Br,,C1CCOC1,,Cc1cc(C(C)(C)C)c(O)c(C(C)(C)C)c1,C[Al](C)C,
14_5,38636307,C[O:7][C:5](=[O:6])[CH2:4][CH2:3][CH:2]([CH3:1])[CH:8]1[CH2:9][CH2:10][CH:11]2[CH:12]3[CH2:13][CH:14]=[C:15]4[CH2:16][C:17]([CH3:18])([OH:19])[CH2:20][CH2:21][C:22]4([CH3:23])[CH:24]3[CH2:25][CH2:26][C:27]12[CH3:28]>>[CH3:1][CH:2]([CH2:3][CH2:4][C:5](=[O:6])[OH:7])[CH:8]1[CH2:9][CH2:10][CH:11]2[CH:12]3[CH2:13][CH:14]=[C:15]4[CH2:16][C:17]([CH3:18])([OH:19])[CH2:20][CH2:21][C:22]4([CH3:23])[CH:24]3[CH2:25][CH2:26][C:27]12[CH3:28],[O;D1;H0:3]=[C:2]-[OH;D1;+0:1]>>C-[O;H0;D2;+0:1]-[C:2]=[O;D1;H0:3],[OH;D1;+0:1]>>C-[O;H0;D2;+0:1],O>>CO,,C1CCOC1,O,[Li+].[OH-],,
14_6,48043068,[CH3:10][CH:9]([CH2:8][CH2:7][C:5](=[O:6])O)[CH:11]1[CH2:12][CH2:13][CH:14]2[CH:15]3[CH2:16][CH:17]=[C:18]4[CH2:19][C:20]([CH3:21])([OH:22])[CH2:23][CH2:24][C:25]4([CH3:26])[CH:27]3[CH2:28][CH2:29][C:30]12[CH3:31].[CH3:4][NH:3][O:2][CH3:1]>>[CH3:1][O:2][N:3]([CH3:4])[C:5](=[O:6])[CH2:7][CH2:8][CH:9]([CH3:10])[CH:11]1[CH2:12][CH2:13][CH:14]2[CH:15]3[CH2:16][CH:17]=[C:18]4[CH2:19][C:20]([CH3:21])([OH:22])[CH2:23][CH2:24][C:25]4([CH3:26])[CH:27]3[CH2:28][CH2:29][C:30]12[CH3:31],[#8:4]-[N;H0;D3;+0:5](-[C;D1;H3:6])-[C;H0;D3;+0:1](-[C:2])=[O;D1;H0:3]>>O-[C;H0;D3;+0:1](-[C:2])=[O;D1;H0:3].[#8:4]-[NH;D2;+0:5]-[C;D1;H3:6],[C;H0;D3;+0:1]-[N;H0;D3;+0:2]>>O-[C;H0;D3;+0:1].[NH;D2;+0:2],CN>>CO.N,,ClCCl,,CN(C)C(On1nnc2cccnc21)=[N+](C)C.F[P-](F)(F)(F)(F)F,CCN(C(C)C)C(C)C,
14_7,38636424,CON(C)[C:2](=[O:3])[CH2:4][CH2:5][CH:6]([CH3:7])[CH:8]1[CH2:9][CH2:10][CH:11]2[CH:12]3[CH2:13][CH:14]=[C:15]4[CH2:16][C:17]([CH3:18])([OH:19])[CH2:20][CH2:21][C:22]4([CH3:23])[CH:24]3[CH2:25][CH2:26][C:27]12[CH3:28].[CH3:1][Mg]Br>>[CH3:1][C:2](=[O:3])[CH2:4][CH2:5][CH:6]([CH3:7])[CH:8]1[CH2:9][CH2:10][CH:11]2[CH:12]3[CH2:13][CH:14]=[C:15]4[CH2:16][C:17]([CH3:18])([OH:19])[CH2:20][CH2:21][C:22]4([CH3:23])[CH:24]3[CH2:25][CH2:26][C:27]12[CH3:28],[C:3]-[C;H0;D3;+0:2](-[CH3;D1;+0:1])=[O;D1;H0:4]>>Br-[Mg]-[CH3;D1;+0:1].C-O-N(-C)-[C;H0;D3;+0:2](-[C:3])=[O;D1;H0:4],[C;H0;D3;+0:2]-[CH3;D1;+0:1]>>Br-[Mg]-[CH3;D1;+0:1].C-O-N(-C)-[C;H0;D3;+0:2],CC>>CON(C)C.C[Mg]Br,,C1CCOC1,,,,
14_8,38636430,[CH3:6][C:5](=[O:7])[CH2:4][CH2:3][CH:2]([CH3:1])[CH:12]1[CH2:13][CH2:14][CH:15]2[CH:16]3[CH2:17][CH:18]=[C:19]4[CH2:20][C:21]([CH3:22])([OH:23])[CH2:24][CH2:25][C:26]4([CH3:27])[CH:28]3[CH2:29][CH2:30][C:31]12[CH3:32].C[Si](C)(C)[C:8]([F:9])([F:10])[F:11]>>[CH3:1][CH:2]([CH2:3][CH2:4][C:5]([CH3:6])([OH:7])[C:8]([F:9])([F:10])[F:11])[CH:12]1[CH2:13][CH2:14][CH:15]2[CH:16]3[CH2:17][CH:18]=[C:19]4[CH2:20][C:21]([CH3:22])([OH:23])[CH2:24][CH2:25][C:26]4([CH3:27])[CH:28]3[CH2:29][CH2:30][C:31]12[CH3:32],[C:5]-[C;H0;D4;+0:6](-[C;D1;H3:7])(-[OH;D1;+0:8])-[C;H0;D4;+0:1](-[F;D1;H0:2])(-[F;D1;H0:3])-[F;D1;H0:4]>>C-[Si](-C)(-C)-[C;H0;D4;+0:1](-[F;D1;H0:2])(-[F;D1;H0:3])-[F;D1;H0:4].[C:5]-[C;H0;D3;+0:6](-[C;D1;H3:7])=[O;H0;D1;+0:8],[C;H0;D4;+0:1]-[C;H0;D4;+0:2]-[OH;D1;+0:3]>>C-[Si](-C)(-C)-[C;H0;D4;+0:1].[C;H0;D3;+0:2]=[O;H0;D1;+0:3],CCO>>C=O.C[Si](C)(C)C,,C1CCOC1,,[Cs+].[F-],CCCC[N+](CCCC)(CCCC)CCCC.[F-],
15_0,43687934,O=[CH:8][c:9]1[cH:10][c:11]([Cl:12])[cH:13][cH:14][c:15]1[Br:16].[CH3:1][C:2]([CH3:3])([CH3:4])[S:5]([NH2:7])=[O:6]>>[CH3:1][C:2]([CH3:3])([CH3:4])[S:5](=[O:6])[N:7]=[CH:8][c:9]1[cH:10][c:11]([Cl:12])[cH:13][cH:14][c:15]1[Br:16],[#16:3]-[N;H0;D2;+0:4]=[CH;D2;+0:1]-[c:2]>>O=[CH;D2;+0:1]-[c:2].[#16:3]-[NH2;D1;+0:4],[CH;D2;+0:1]=[N;H0;D2;+0:2]>>O=[CH;D2;+0:1].[NH2;D1;+0:2],C=N>>C=O.N,,ClCCl,,O=C([O-])[O-].[Cs+].[Cs+],,
15_1,43687924,[CH3:7][C:6]([CH3:8])([CH3:9])[S:4](=[O:5])[N:3]=[CH:2][c:10]1[cH:11][c:12]([Cl:13])[cH:14][cH:15][c:16]1[Br:17].[CH3:1][Mg]Br>>[CH3:1][CH:2]([NH:3][S:4](=[O:5])[C:6]([CH3:7])([CH3:8])[CH3:9])[c:10]1[cH:11][c:12]([Cl:13])[cH:14][cH:15][c:16]1[Br:17],[#16:2]-[NH;D2;+0:3]-[CH;D3;+0:4](-[CH3;D1;+0:1])-[c:5]>>Br-[Mg]-[CH3;D1;+0:1].[#16:2]-[N;H0;D2;+0:3]=[CH;D2;+0:4]-[c:5],[CH3;D1;+0:1]-[CH;D3;+0:2]-[NH;D2;+0:3]>>Br-[Mg]-[CH3;D1;+0:1].[CH;D2;+0:2]=[N;H0;D2;+0:3],CCN>>C=N.C[Mg]Br,,C1CCOC1,,,,
15_2,61128234,[CH3:2][CH:3]([NH:4]S(=O)C(C)(C)C)[c:5]1[cH:6][c:7]([Cl:1])[cH:9][cH:10][c:11]1[Br:12]>>[ClH:1].[CH3:2][CH:3]([NH2:4])[c:5]1[cH:6][c:7]([Cl:8])[cH:9][cH:10][c:11]1[Br:12],[C:2]-[NH2;D1;+0:1].[c:5]:[c;H0;D3;+0:4]:[c:6].[ClH;D0;+0:3]>>C-C(-C)(-C)-S(=O)-[NH;D2;+0:1]-[C:2].[Cl;H0;D1;+0:3]-[c;H0;D3;+0:4](:[c:5]):[c:6],[ClH;D0;+0:2].[NH2;D1;+0:1].[c;H0;D3;+0:3]>>C-C(-C)(-C)-S(=O)-[NH;D2;+0:1].[Cl;H0;D1;+0:2]-[c;H0;D3;+0:3],N>>CC(C)(C)S(N)=O,,CO,,Cl,,
15_3,61128240,[CH3:8][C:7]([CH3:9])([CH3:10])[O:6][C:4](=[O:5])OC(=O)OC(C)(C)C.Cl.[CH3:1][CH:2]([NH2:3])[c:11]1[cH:12][c:13]([Cl:14])[cH:15][cH:16][c:17]1[Br:18]>>[CH3:1][CH:2]([NH:3][C:4](=[O:5])[O:6][C:7]([CH3:8])([CH3:9])[CH3:10])[c:11]1[cH:12][c:13]([Cl:14])[cH:15][cH:16][c:17]1[Br:18],[C:8]-[NH;D2;+0:9]-[C;H0;D3;+0:1](=[O;D1;H0:2])-[#8:3]-[C:4](-[C;D1;H3:5])(-[C;D1;H3:6])-[C;D1;H3:7]>>C-C(-C)(-C)-O-C(=O)-O-[C;H0;D3;+0:1](=[O;D1;H0:2])-[#8:3]-[C:4](-[C;D1;H3:5])(-[C;D1;H3:6])-[C;D1;H3:7].[C:8]-[NH2;D1;+0:9],[C;H0;D3;+0:1]-[NH;D2;+0:2]>>[C;H0;D3;+0:1]-O-[C;H0;D3;+0:1].[NH2;D1;+0:2],CN>>COC.N,,ClCCl,,CCN(CC)CC,,
15_4,42588556,[CH3:23][C:22]([CH3:24])([CH3:25])[O:21][C:19](=[O:20])OC(=O)OC(C)(C)C.[CH3:1][CH:2]([NH:11][C:12](=[O:13])[O:14][C:15]([CH3:16])([CH3:17])[CH3:18])[c:3]1[cH:4][c:5]([Cl:6])[cH:7][cH:8][c:9]1[Br:10]>>[CH3:1][CH:2]([c:3]1[cH:4][c:5]([Cl:6])[cH:7][cH:8][c:9]1[Br:10])[N:11]([C:12](=[O:13])[O:14][C:15]([CH3:16])([CH3:17])[CH3:18])[C:19](=[O:20])[O:21][C:22]([CH3:23])([CH3:24])[CH3:25],[C:8]-[NH;D2;+0:9]-[C;H0;D3;+0:1](=[O;D1;H0:2])-[#8:3]-[C:4](-[C;D1;H3:5])(-[C;D1;H3:6])-[C;D1;H3:7]>>C-C(-C)(-C)-O-C(=O)-O-[C;H0;D3;+0:1](=[O;D1;H0:2])-[#8:3]-[C:4](-[C;D1;H3:5])(-[C;D1;H3:6])-[C;D1;H3:7].[C:8]-[NH2;D1;+0:9],[C;H0;D3;+0:1]-[NH;D2;+0:2]>>[C;H0;D3;+0:1]-O-[C;H0;D3;+0:1].[NH2;D1;+0:2],CN>>COC.N,CN(C)c1ccncc1,ClC(Cl)Cl,,,,
15_5,43687943,[CH3:1][CH:2]([c:3]1[cH:4][c:5]([Cl:6])[cH:7][cH:8][c:9]1Br)[N:12]([C:13](=[O:14])[O:15][C:16]([CH3:17])([CH3:18])[CH3:19])[C:20](=[O:21])[O:22][C:23]([CH3:24])([CH3:25])[CH3:26].[CH2:10]=[O:11]>>[CH3:1][CH:2]([c:3]1[cH:4][c:5]([Cl:6])[cH:7][cH:8][c:9]1[CH:10]=[O:11])[N:12]([C:13](=[O:14])[O:15][C:16]([CH3:17])([CH3:18])[CH3:19])[C:20](=[O:21])[O:22][C:23]([CH3:24])([CH3:25])[CH3:26],[O;D1;H0:5]=[CH;D2;+0:4]-[c;H0;D3;+0:1](:[c:2]):[c:3]>>Br-[c;H0;D3;+0:1](:[c:2]):[c:3].[CH2;D1;+0:4]=[O;D1;H0:5],[CH;D2;+0:2]-[c;H0;D3;+0:1]>>Br-[c;H0;D3;+0:1].[CH2;D1;+0:2],Cc>>C.cBr,CC(=O)[O-].CC(=O)[O-].[Pd+2],Cc1ccccc1,,CN(C)CCN(C)C,,
15_6,61128241,[CH3:21][CH:20]([c:19]1[cH:18][c:16]([Cl:17])[cH:15][cH:14][c:13]1[CH:12]=O)[N:22]([C:30](=[O:31])[O:32][C:33]([CH3:34])([CH3:35])[CH3:36])[C:23](=[O:24])[O:25][C:26]([CH3:27])([CH3:28])[CH3:29].[CH3:1][CH2:2][O:3][C:4](=[O:5])[c:6]1[nH:7][cH:8][cH:9][c:10]1[NH2:11]>>[CH3:1][CH2:2][O:3][C:4](=[O:5])[c:6]1[nH:7][cH:8][cH:9][c:10]1[NH:11][CH2:12][c:13]1[cH:14][cH:15][c:16]([Cl:17])[cH:18][c:19]1[CH:20]([CH3:21])[N:22]([C:23](=[O:24])[O:25][C:26]([CH3:27])([CH3:28])[CH3:29])[C:30](=[O:31])[O:32][C:33]([CH3:34])([CH3:35])[CH3:36],[#7;a:3]:[c:4]:[c:5]-[NH;D2;+0:6]-[CH2;D2;+0:1]-[c:2]>>O=[CH;D2;+0:1]-[c:2].[#7;a:3]:[c:4]:[c:5]-[NH2;D1;+0:6],[CH2;D2;+0:1]-[NH;D2;+0:2]>>O=[CH;D2;+0:1].[NH2;D1;+0:2],CN>>C=O.N,,CCO,O,CCN(C(C)C)C(C)C,CC(=O)O,[B]=C=[N-].[Na+]
15_7,42588566,CCO[C:15](=[O:16])[c:17]1[nH:18][cH:19][cH:20][c:21]1[NH:11][CH2:10][c:9]1[cH:8][cH:7][c:5]([Cl:6])[cH:4][c:3]1[CH:2]([CH3:1])[N:22]([C:23](=[O:24])[O:25][C:26]([CH3:27])([CH3:28])[CH3:29])[C:30](=[O:31])[O:32][C:33]([CH3:34])([CH3:35])[CH3:36].O=C([N:14]=[C:12]=[S:13])c1ccccc1>>[CH3:1][CH:2]([c:3]1[cH:4][c:5]([Cl:6])[cH:7][cH:8][c:9]1[CH2:10][n:11]1[c:12](=[S:13])[nH:14][c:15](=[O:16])[c:17]2[nH:18][cH:19][cH:20][c:21]12)[N:22]([C:23](=[O:24])[O:25][C:26]([CH3:27])([CH3:28])[CH3:29])[C:30](=[O:31])[O:32][C:33]([CH3:34])([CH3:35])[CH3:36],[#7;a:4]:[c:3]1:[c:5]:[n;H0;D3;+0:6](-[C:7]):[c;H0;D3;+0:9](=[S;D1;H0:10]):[nH;D2;+0:8]:[c;H0;D3;+0:1]:1=[O;D1;H0:2]>>C-C-O-[C;H0;D3;+0:1](=[O;D1;H0:2])-[c:3](:[#7;a:4]):[c:5]-[NH;D2;+0:6]-[C:7].O=C(-[N;H0;D2;+0:8]=[C;H0;D2;+0:9]=[S;D1;H0:10])-c1:c:c:c:c:c:1,[c;H0;D3;+0:1]:[nH;D2;+0:3]:[c;H0;D3;+0:4]:[n;H0;D3;+0:2]>>C-C-O-[C;H0;D3;+0:1].[NH;D2;+0:2].O=C(-[N;H0;D2;+0:3]=[C;H0;D2;+0:4])-c1:c:c:c:c:c:1,ncnc=O>>C=NC(=O)c1ccccc1.CCOC=O.N,,CO,,O=C([O-])[O-].[Cs+].[Cs+],,
15_8,42588567,[CH3:1][CH:2]([c:4]1[cH:5][c:6]([Cl:7])[cH:8][cH:9][c:10]1[CH2:11][n:12]1[c:13](=[S:14])[nH:15][c:16](=[O:17])[c:18]2[nH:19][cH:20][cH:21][c:22]12)[N:3](C(=O)OC(C)(C)C)C(=O)OC(C)(C)C>>[CH3:1][CH:2]([NH2:3])[c:4]1[cH:5][c:6]([Cl:7])[cH:8][cH:9][c:10]1[CH2:11][n:12]1[c:13](=[S:14])[nH:15][c:16](=[O:17])[c:18]2[nH:19][cH:20][cH:21][c:22]12,[C:2]-[NH2;D1;+0:1]>>C-C(-C)(-C)-O-C(=O)-[N;H0;D3;+0:1](-[C:2])-C(=O)-O-C(-C)(-C)-C,[NH2;D1;+0:1]>>C-C(-C)(-C)-O-C(=O)-[N;H0;D3;+0:1]-C(=O)-O-C(-C)(-C)-C,N>>CC(C)(C)OC(=O)NC(=O)OC(C)(C)C,,ClCCl,,Cl,,
